Unnamed: 0,Unnamed: 1,Unnamed: 2,Unnamed: 3,Unnamed: 4,Unnamed: 5,Unnamed: 6,Unnamed: 7,Unnamed: 8,Unnamed: 9,Unnamed: 10,375,1172,883,968,96,106,979,1074,255,127.5,85,289,170,459,Unnamed: 25,Unnamed: 26,Unnamed: 27,Unnamed: 28
Store & Code,Store-Brand-Product Type,Brand Code,Commodity,Store Name,Store Type,Store Category,Brand Code,Brand Type,Supplier name,Brand Name,Depth,Facing,SKU Count,SOH,Sku Count Local,SOH Local,SKU Count Total,SOH Total,Sales(Apr & May),Monthly Sales,Back stock,Facing Delta,BS Delta,Total Order,Star Locations,,,
Ajmer AD,AjmerAdmyraFrame,AD,Frame,Ajmer,SIS,,AD,Private Labels,Private Labels,Admyra,45,204,0,0,0,0,0,0,0,0,0,204,0,204,,,,
Ajmer AV,AjmerAvantaFrame,AV,Frame,Ajmer,SIS,,AV,Private Labels,Private Labels,Avanta,54,144,0,0,0,0,0,0,0,0,0,144,0,144,,,,PO-GURGAON
Ajmer AV-K,AjmerAvanta KidsFrame,AV-K,Frame,Ajmer,SIS,,AV-K,Private Labels,Private Labels,Avanta Kids,6,16,0,0,0,0,0,0,0,0,0,16,0,16,,,,PO-HYDERABAD
Laxmi nagar AD,Laxmi nagarAdmyraFrame,AD,Frame,Laxmi nagar,Retail,,AD,Private Labels,Private Labels,Admyra,48,112,0,0,0,0,0,0,0,0,0,112,0,112,,,,PO-JHUNJHUNU
Laxmi nagar AV,Laxmi nagarAvantaFrame,AV,Frame,Laxmi nagar,Retail,,AV,Private Labels,Private Labels,Avanta,30,70,0,0,0,0,0,0,0,0,0,70,0,70,,,,PO-VIJAYAWADA (MANIPAL)
Laxmi nagar AV-K,Laxmi nagarAvanta KidsFrame,AV-K,Frame,Laxmi nagar,Retail,,AV-K,Private Labels,Private Labels,Avanta Kids,12,28,0,0,0,0,0,0,0,0,0,28,0,28,,,,
Laxmi nagar BE-O,Laxmi nagarBurberryFrame,BE-O,Frame,Laxmi nagar,Retail,,BE-O,Luxury,Luxottica,Burberry,6,24,0,0,0,0,0,0,0,0,0,24,0,24,,,,
Laxmi nagar CA,Laxmi nagarCarreraFrame,CA,Frame,Laxmi nagar,Retail,,CA,Lifestyle,Safilo,Carrera,6,32,0,0,0,0,0,0,0,0,0,32,0,32,,,,
Laxmi nagar EA,Laxmi nagarEmporio ArmaniFrame,EA,Frame,Laxmi nagar,Retail,,EA,Premium Fashion,Luxottica,Emporio Armani,3,20,0,0,0,0,0,0,0,0,0,20,0,20,,,,
Laxmi nagar FC,Laxmi nagarFrench ConnectionFrame,FC,Frame,Laxmi nagar,Retail,,FC,Fast Fashion,Sterling,French Connection,9,36,0,0,0,0,0,0,0,0,0,36,0,36,,,,
Laxmi nagar ID-S,Laxmi nagarIdeeSunglass,ID-S,Sunglass,Laxmi nagar,Retail,,ID-S,Fast Fashion,Ronak Optics,Idee,12,28,0,0,0,0,0,0,0,0,0,28,0,28,,,,
Laxmi nagar OB,Laxmi nagarOmbraSunglass,OB,Sunglass,Laxmi nagar,Retail,,OB,Private Labels,Private Labels,Ombra,12,28,0,0,0,0,0,0,0,0,0,28,0,28,,,,
Laxmi nagar PC,Laxmi nagarPierre CardinFrame,PC,Frame,Laxmi nagar,Retail,,PC,Fast Fashion,Safilo,Pierre Cardin,6,32,0,0,0,0,0,0,0,0,0,32,0,32,,,,
Laxmi nagar RB,Laxmi nagarRaybanSunglass,RB,Sunglass,Laxmi nagar,Retail,,RB,Lifestyle,Luxottica,Rayban,12,56,0,0,0,0,0,0,0,0,0,56,0,56,,,,
Laxmi nagar RX,Laxmi nagarRaybanFrame,RX,Frame,Laxmi nagar,Retail,,RX,Lifestyle,Luxottica,Rayban,9,36,0,0,0,0,0,0,0,0,0,36,0,36,,,,
Laxmi nagar TH,Laxmi nagarTommy HilfigerFrame,TH,Frame,Laxmi nagar,Retail,,TH,Lifestyle,Sterling,Tommy Hilfiger,6,32,0,0,0,0,0,0,0,0,0,32,0,32,,,,
Laxmi nagar VO,Laxmi nagarVogueFrame,VO,Frame,Laxmi nagar,Retail,,VO,Fast Fashion,Luxottica,Vogue,9,36,0,0,0,0,0,0,0,0,0,36,0,36,,,,
PO-AGRA (ASHOKA PLAZA) AD,PO-AGRA (ASHOKA PLAZA)AdmyraFrame,AD,Frame,PO-AGRA (ASHOKA PLAZA),SIS,B,AD,Private Labels,Private Labels,Admyra,,85,176,176,38,42,214,218,10,5,0,-91,0,-91,,,,
PO-AGRA (ASHOKA PLAZA) AV,PO-AGRA (ASHOKA PLAZA)AvantaFrame,AV,Frame,PO-AGRA (ASHOKA PLAZA),SIS,B,AV,Private Labels,Private Labels,Avanta,,190,159,173,182,285,341,458,50,25,14,31,0,31,,,,
PO-AGRA (ASHOKA PLAZA) AV-K,PO-AGRA (ASHOKA PLAZA)Avanta KidsFrame,AV-K,Frame,PO-AGRA (ASHOKA PLAZA),SIS,B,AV-K,Private Labels,Private Labels,Avanta Kids,,25,9,9,40,57,49,66,0,0,0,16,0,16,,,,
PO-AGRA (ASHOKA PLAZA) RX,PO-AGRA (ASHOKA PLAZA)RaybanFrame,RX,Frame,PO-AGRA (ASHOKA PLAZA),SIS,B,RX,Lifestyle,Luxottica,Rayban,,12,6,6,0,0,6,6,7,3.5,0,6,0,6,,,,
PO-AGRA (ASHOKA PLAZA) VO,PO-AGRA (ASHOKA PLAZA)VogueFrame,VO,Frame,PO-AGRA (ASHOKA PLAZA),SIS,B,VO,Fast Fashion,Luxottica,Vogue,,12,10,10,0,0,10,10,3,1.5,0,2,0,2,,,,
PO-AHMEDABAD 2 AD,PO-AHMEDABAD 2AdmyraFrame,AD,Frame,PO-AHMEDABAD 2,SIS,B,AD,Private Labels,Private Labels,Admyra,,130,141,141,33,33,174,174,12,6,0,-11,0,-11,,,,
PO-AHMEDABAD 2 AV,PO-AHMEDABAD 2AvantaFrame,AV,Frame,PO-AHMEDABAD 2,SIS,B,AV,Private Labels,Private Labels,Avanta,,200,121,127,153,182,274,309,31,15.5,6,79,0,79,,,,
PO-AHMEDABAD 2 AV-K,PO-AHMEDABAD 2Avanta KidsFrame,AV-K,Frame,PO-AHMEDABAD 2,SIS,B,AV-K,Private Labels,Private Labels,Avanta Kids,,25,19,20,29,29,48,49,4,2,1,6,0,6,,,,
PO-AJMER AD,PO-AJMERAdmyraFrame,AD,Frame,PO-AJMER,SIS,B,AD,Private Labels,Private Labels,Admyra,,80,89,90,10,10,99,100,19,9.5,1,-9,0,-9,,,,
PO-AJMER AV,PO-AJMERAvantaFrame,AV,Frame,PO-AJMER,SIS,B,AV,Private Labels,Private Labels,Avanta,,150,54,55,76,108,130,163,84,42,1,96,0,96,,,,
PO-AJMER AV-K,PO-AJMERAvanta KidsFrame,AV-K,Frame,PO-AJMER,SIS,B,AV-K,Private Labels,Private Labels,Avanta Kids,,25,15,15,28,30,43,45,5,2.5,0,10,0,10,,,,
PO-ASHOK VIHAR AD,PO-ASHOK VIHARAdmyraFrame,AD,Frame,PO-ASHOK VIHAR,SIS,B,AD,Private Labels,Private Labels,Admyra,,162,135,135,25,25,160,160,19,9.5,0,27,0,27,,,,
PO-ASHOK VIHAR AV,PO-ASHOK VIHARAvantaFrame,AV,Frame,PO-ASHOK VIHAR,SIS,B,AV,Private Labels,Private Labels,Avanta,,150,152,157,231,308,383,465,28,14,5,-2,0,-2,,,,
PO-ASHOK VIHAR AV-K,PO-ASHOK VIHARAvanta KidsFrame,AV-K,Frame,PO-ASHOK VIHAR,SIS,B,AV-K,Private Labels,Private Labels,Avanta Kids,,30,16,20,26,27,42,47,0,0,4,14,-4,10,,,,
PO-BHUBANESWAR AD,PO-BHUBANESWARAdmyraFrame,AD,Frame,PO-BHUBANESWAR,SIS,A,AD,Private Labels,Private Labels,Admyra,60,140,142,143,0,0,142,143,29,14.5,1,-2,28,26,,,,
PO-BHUBANESWAR AV,PO-BHUBANESWARAvantaFrame,AV,Frame,PO-BHUBANESWAR,SIS,A,AV,Private Labels,Private Labels,Avanta,48,180,192,204,36,143,228,347,94,47,12,-12,48,36,,,,
PO-BHUBANESWAR AV-K,PO-BHUBANESWARAvanta KidsFrame,AV-K,Frame,PO-BHUBANESWAR,SIS,A,AV-K,Private Labels,Private Labels,Avanta Kids,12,28,27,32,1,1,28,33,4,2,5,1,-1,0,,,,
PO-BHUBANESWAR CA,PO-BHUBANESWARCarreraFrame,CA,Frame,PO-BHUBANESWAR,SIS,A,CA,Lifestyle,Safilo,Carrera,3,12,12,12,0,0,12,12,9,4.5,0,0,3,3,,,,
PO-BHUBANESWAR FC,PO-BHUBANESWARFrench ConnectionFrame,FC,Frame,PO-BHUBANESWAR,SIS,A,FC,Fast Fashion,Sterling,French Connection,6,24,10,10,0,0,10,10,4,2,0,14,4,18,,,,
PO-BHUBANESWAR PC,PO-BHUBANESWARPierre CardinFrame,PC,Frame,PO-BHUBANESWAR,SIS,A,PC,Fast Fashion,Safilo,Pierre Cardin,3,20,7,7,0,0,7,7,6,3,0,13,3,16,,,,
PO-BHUBANESWAR RX,PO-BHUBANESWARRaybanFrame,RX,Frame,PO-BHUBANESWAR,SIS,A,RX,Lifestyle,Luxottica,Rayban,6,32,14,14,0,0,14,14,5,2.5,0,18,5,23,,,,
PO-BHUBANESWAR TH,PO-BHUBANESWARTommy HilfigerFrame,TH,Frame,PO-BHUBANESWAR,SIS,A,TH,Lifestyle,Sterling,Tommy Hilfiger,6,24,14,14,0,0,14,14,5,2.5,0,10,5,15,,,,
PO-BHUBANESWAR VO,PO-BHUBANESWARVogueFrame,VO,Frame,PO-BHUBANESWAR,SIS,A,VO,Fast Fashion,Luxottica,Vogue,6,24,15,15,0,0,15,15,7,3.5,0,9,6,15,,,,
PO-DWARKA(Eye Institute) AD,PO-DWARKA(Eye Institute)AdmyraFrame,AD,Frame,PO-DWARKA(Eye Institute),SIS,A++,AD,Private Labels,Private Labels,Admyra,,224,226,262,34,38,260,300,177,88.5,36,-2,0,-2,,,,
PO-DWARKA(Eye Institute) AV,PO-DWARKA(Eye Institute)AvantaFrame,AV,Frame,PO-DWARKA(Eye Institute),SIS,A++,AV,Private Labels,Private Labels,Avanta,,224,214,232,140,217,354,449,215,107.5,18,10,0,10,,,,
PO-DWARKA(Eye Institute) BE-O,PO-DWARKA(Eye Institute)BurberryFrame,BE-O,Frame,PO-DWARKA(Eye Institute),SIS,A++,BE-O,Luxury,Luxottica,Burberry,,12,16,16,0,0,16,16,5,2.5,0,-4,0,-4,,,,
PO-DWARKA(Eye Institute) CA,PO-DWARKA(Eye Institute)CarreraFrame,CA,Frame,PO-DWARKA(Eye Institute),SIS,A++,CA,Lifestyle,Safilo,Carrera,,18,19,19,0,0,19,19,7,3.5,0,-1,0,-1,,,,
PO-DWARKA(Eye Institute) EA,PO-DWARKA(Eye Institute)Emporio ArmaniFrame,EA,Frame,PO-DWARKA(Eye Institute),SIS,A++,EA,Premium Fashion,Luxottica,Emporio Armani,,18,32,33,0,0,32,33,4,2,1,-14,0,-14,,,,
PO-DWARKA(Eye Institute) FC,PO-DWARKA(Eye Institute)French ConnectionFrame,FC,Frame,PO-DWARKA(Eye Institute),SIS,A++,FC,Fast Fashion,Sterling,French Connection,,42,16,16,0,0,16,16,13,6.5,0,26,0,26,,,,
PO-DWARKA(Eye Institute) HB,PO-DWARKA(Eye Institute)Hugo BossFrame,HB,Frame,PO-DWARKA(Eye Institute),SIS,A++,HB,Luxury,Safilo,Hugo Boss,,12,6,7,0,0,6,7,4,2,1,6,0,6,,,,
PO-DWARKA(Eye Institute) MB,PO-DWARKA(Eye Institute)MontblancFrame,MB,Frame,PO-DWARKA(Eye Institute),SIS,A++,MB,Luxury,Kering,Montblanc,,12,8,9,0,0,8,9,2,1,1,4,0,4,,,,
PO-DWARKA(Eye Institute) PC,PO-DWARKA(Eye Institute)Pierre CardinFrame,PC,Frame,PO-DWARKA(Eye Institute),SIS,A++,PC,Fast Fashion,Safilo,Pierre Cardin,,18,13,13,0,0,13,13,12,6,0,5,0,5,,,,
PO-DWARKA(Eye Institute) PR,PO-DWARKA(Eye Institute)PradaFrame,PR,Frame,PO-DWARKA(Eye Institute),SIS,A++,PR,Luxury,Luxottica,Prada,,12,15,15,0,0,15,15,4,2,0,-3,0,-3,,,,
PO-DWARKA(Eye Institute) RB,PO-DWARKA(Eye Institute)RaybanSunglass,RB,Sunglass,PO-DWARKA(Eye Institute),SIS,A++,RB,Lifestyle,Luxottica,Rayban,,24,16,24,0,0,16,24,2,1,8,8,-6,2,,,,
PO-DWARKA(Eye Institute) RX,PO-DWARKA(Eye Institute)RaybanFrame,RX,Frame,PO-DWARKA(Eye Institute),SIS,A++,RX,Lifestyle,Luxottica,Rayban,,42,31,34,0,0,31,34,29,14.5,3,11,0,11,,,,
PO-DWARKA(Eye Institute) TH,PO-DWARKA(Eye Institute)Tommy HilfigerFrame,TH,Frame,PO-DWARKA(Eye Institute),SIS,A++,TH,Lifestyle,Sterling,Tommy Hilfiger,,42,28,29,0,0,28,29,28,14,1,14,0,14,,,,
PO-DWARKA(Eye Institute) VE,PO-DWARKA(Eye Institute)VersaceFrame,VE,Frame,PO-DWARKA(Eye Institute),SIS,A++,VE,Luxury,Luxottica,Versace,,12,15,18,0,0,15,18,0,0,3,-3,-3,-6,,,,
PO-DWARKA(Eye Institute) VO,PO-DWARKA(Eye Institute)VogueFrame,VO,Frame,PO-DWARKA(Eye Institute),SIS,A++,VO,Fast Fashion,Luxottica,Vogue,,42,29,29,0,0,29,29,27,13.5,0,13,0,13,,,,
PO-DWARKA12 AD,PO-DWARKA12AdmyraFrame,AD,Frame,PO-DWARKA12,Retail,A,AD,Private Labels,Private Labels,Admyra,30,136,266,323,108,113,374,436,22,11,57,-130,-35,-165,,,,
PO-DWARKA12 AV,PO-DWARKA12AvantaFrame,AV,Frame,PO-DWARKA12,Retail,A,AV,Private Labels,Private Labels,Avanta,42,98,153,163,158,236,311,399,46,23,10,-55,36,-19,,,,
PO-DWARKA12 AV-K,PO-DWARKA12Avanta KidsFrame,AV-K,Frame,PO-DWARKA12,Retail,A,AV-K,Private Labels,Private Labels,Avanta Kids,12,28,16,16,26,26,42,42,0,0,0,12,0,12,,,,
PO-DWARKA12 CA,PO-DWARKA12CarreraFrame,CA,Frame,PO-DWARKA12,Retail,A,CA,Lifestyle,Safilo,Carrera,6,24,20,21,0,0,20,21,0,0,1,4,-1,3,,,,
PO-DWARKA12 FC,PO-DWARKA12French ConnectionFrame,FC,Frame,PO-DWARKA12,Retail,A,FC,Fast Fashion,Sterling,French Connection,6,24,12,12,0,0,12,12,4,2,0,12,4,16,,,,
PO-DWARKA12 ID-S,PO-DWARKA12IdeeSunglass,ID-S,Sunglass,PO-DWARKA12,Retail,A,ID-S,Fast Fashion,Ronak Optics,Idee,,21,11,11,0,0,11,11,6,3,0,10,0,10,,,,
PO-DWARKA12 OB,PO-DWARKA12OmbraSunglass,OB,Sunglass,PO-DWARKA12,Retail,A,OB,Private Labels,Private Labels,Ombra,,21,0,0,0,0,0,0,0,0,0,21,0,21,,,,
PO-DWARKA12 PC,PO-DWARKA12Pierre CardinFrame,PC,Frame,PO-DWARKA12,Retail,A,PC,Fast Fashion,Safilo,Pierre Cardin,3,20,10,12,0,0,10,12,2,1,2,10,0,10,,,,
PO-DWARKA12 RB,PO-DWARKA12RaybanSunglass,RB,Sunglass,PO-DWARKA12,Retail,A,RB,Lifestyle,Luxottica,Rayban,,42,18,18,0,0,18,18,7,3.5,0,24,0,24,,,,
PO-DWARKA12 RX,PO-DWARKA12RaybanFrame,RX,Frame,PO-DWARKA12,Retail,A,RX,Lifestyle,Luxottica,Rayban,6,24,20,21,0,0,20,21,9,4.5,1,4,6,10,,,,
PO-DWARKA12 TH,PO-DWARKA12Tommy HilfigerFrame,TH,Frame,PO-DWARKA12,Retail,A,TH,Lifestyle,Sterling,Tommy Hilfiger,3,20,17,17,0,0,17,17,3,1.5,0,3,3,6,,,,
PO-DWARKA12 VO,PO-DWARKA12VogueFrame,VO,Frame,PO-DWARKA12,Retail,A,VO,Fast Fashion,Luxottica,Vogue,6,24,18,18,0,0,18,18,2,1,0,6,2,8,,,,
PO-FARIDABAD AD,PO-FARIDABADAdmyraFrame,AD,Frame,PO-FARIDABAD,SIS,B+,AD,Private Labels,Private Labels,Admyra,,90,151,157,18,19,169,176,39,19.5,6,-61,0,-61,,,,
PO-FARIDABAD AV,PO-FARIDABADAvantaFrame,AV,Frame,PO-FARIDABAD,SIS,B+,AV,Private Labels,Private Labels,Avanta,,85,126,137,106,134,232,271,61,30.5,11,-41,0,-41,,,,
PO-FARIDABAD AV-K,PO-FARIDABADAvanta KidsFrame,AV-K,Frame,PO-FARIDABAD,SIS,B+,AV-K,Private Labels,Private Labels,Avanta Kids,,26,13,14,21,24,34,38,11,5.5,1,13,0,13,,,,
PO-FARIDABAD7 AD,PO-FARIDABAD7AdmyraFrame,AD,Frame,PO-FARIDABAD7,SIS,B,AD,Private Labels,Private Labels,Admyra,,,154,155,68,74,222,229,11,5.5,1,-154,0,-154,,,,
PO-FARIDABAD7 AV,PO-FARIDABAD7AvantaFrame,AV,Frame,PO-FARIDABAD7,SIS,B,AV,Private Labels,Private Labels,Avanta,,,155,163,42,44,197,207,6,3,8,-155,-2,-157,,,,
PO-FARIDABAD7 AV-K,PO-FARIDABAD7Avanta KidsFrame,AV-K,Frame,PO-FARIDABAD7,SIS,B,AV-K,Private Labels,Private Labels,Avanta Kids,,,12,14,4,4,16,18,0,0,2,-12,-2,-14,,,,
PO-GHAZIABAD AD,PO-GHAZIABADAdmyraFrame,AD,Frame,PO-GHAZIABAD,SIS,A,AD,Private Labels,Private Labels,Admyra,26,228,304,305,0,0,304,305,10,5,1,-76,9,-67,,,,
PO-GHAZIABAD AV,PO-GHAZIABADAvantaFrame,AV,Frame,PO-GHAZIABAD,SIS,A,AV,Private Labels,Private Labels,Avanta,36,144,257,264,14,32,271,296,25,12.5,7,-113,18,-95,,,,
PO-GHAZIABAD AV-K,PO-GHAZIABADAvanta KidsFrame,AV-K,Frame,PO-GHAZIABAD,SIS,A,AV-K,Private Labels,Private Labels,Avanta Kids,4,16,16,18,6,9,22,27,3,1.5,2,0,1,1,,,,
PO-GHAZIABAD CA,PO-GHAZIABADCarreraFrame,CA,Frame,PO-GHAZIABAD,SIS,A,CA,Lifestyle,Safilo,Carrera,3,12,6,6,0,0,6,6,0,0,0,6,0,6,,,,
PO-GHAZIABAD FC,PO-GHAZIABADFrench ConnectionFrame,FC,Frame,PO-GHAZIABAD,SIS,A,FC,Fast Fashion,Sterling,French Connection,3,12,14,14,0,0,14,14,0,0,0,-2,0,-2,,,,
PO-GHAZIABAD RX,PO-GHAZIABADRaybanFrame,RX,Frame,PO-GHAZIABAD,SIS,A,RX,Lifestyle,Luxottica,Rayban,3,20,13,14,0,0,13,14,0,0,1,7,-1,6,,,,
PO-GHAZIABAD TH,PO-GHAZIABADTommy HilfigerFrame,TH,Frame,PO-GHAZIABAD,SIS,A,TH,Lifestyle,Sterling,Tommy Hilfiger,3,12,15,15,0,0,15,15,0,0,0,-3,0,-3,,,,
PO-GHAZIABAD VO,PO-GHAZIABADVogueFrame,VO,Frame,PO-GHAZIABAD,SIS,A,VO,Fast Fashion,Luxottica,Vogue,3,12,15,15,0,0,15,15,3,1.5,0,-3,3,0,,,,
PO-GHAZIABAD (RDC) AD,PO-GHAZIABAD (RDC)AdmyraFrame,AD,Frame,PO-GHAZIABAD (RDC),Retail,A,AD,Private Labels,Private Labels,Admyra,90,210,195,213,37,44,232,257,46,23,18,15,28,43,Star,,,
PO-GHAZIABAD (RDC) AV,PO-GHAZIABAD (RDC)AvantaFrame,AV,Frame,PO-GHAZIABAD (RDC),Retail,A,AV,Private Labels,Private Labels,Avanta,48,112,112,115,129,157,241,272,60,30,3,0,48,48,Star,,,
PO-GHAZIABAD (RDC) AV-K,PO-GHAZIABAD (RDC)Avanta KidsFrame,AV-K,Frame,PO-GHAZIABAD (RDC),Retail,A,AV-K,Private Labels,Private Labels,Avanta Kids,12,28,31,33,15,15,46,48,8,4,2,-3,6,3,Star,,,
PO-GHAZIABAD (RDC) AX,PO-GHAZIABAD (RDC)Armani ExchangeFrame,AX,Frame,PO-GHAZIABAD (RDC),Retail,A,AX,Fast Fashion,Alankar,Armani Exchange,3,15,4,4,0,0,4,4,2,1,0,11,2,13,Star,,,
PO-GHAZIABAD (RDC) BE-O,PO-GHAZIABAD (RDC)BurberryFrame,BE-O,Frame,PO-GHAZIABAD (RDC),Retail,A,BE-O,Luxury,Luxottica,Burberry,3,15,0,0,0,0,0,0,0,0,0,15,0,15,Star,,,
PO-GHAZIABAD (RDC) BE-S,PO-GHAZIABAD (RDC)BurberrySunglass,BE-S,Sunglass,PO-GHAZIABAD (RDC),Retail,A,BE-S,Luxury,Luxottica,Burberry,3,15,0,0,0,0,0,0,0,0,0,15,0,15,Star,,,
PO-GHAZIABAD (RDC) CA,PO-GHAZIABAD (RDC)CarreraFrame,CA,Frame,PO-GHAZIABAD (RDC),Retail,A,CA,Lifestyle,Safilo,Carrera,6,32,22,22,0,0,22,22,3,1.5,0,10,3,13,Star,,,
PO-GHAZIABAD (RDC) CA-S,PO-GHAZIABAD (RDC)CarreraSunglass,CA-S,Sunglass,PO-GHAZIABAD (RDC),Retail,A,CA-S,Lifestyle,Safilo,Carrera,3,12,3,3,0,0,3,3,0,0,0,9,0,9,Star,,,
PO-GHAZIABAD (RDC) EA,PO-GHAZIABAD (RDC)Emporio ArmaniFrame,EA,Frame,PO-GHAZIABAD (RDC),Retail,A,EA,Premium Fashion,Luxottica,Emporio Armani,3,15,8,8,0,0,8,8,5,2.5,0,7,3,10,Star,,,
PO-GHAZIABAD (RDC) EA-S,PO-GHAZIABAD (RDC)Emporio ArmaniSunglass,EA-S,Sunglass,PO-GHAZIABAD (RDC),Retail,A,EA-S,Premium Fashion,Luxottica,Emporio Armani,3,15,0,0,0,0,0,0,5,2.5,0,15,3,18,Star,,,
PO-GHAZIABAD (RDC) FC,PO-GHAZIABAD (RDC)French ConnectionFrame,FC,Frame,PO-GHAZIABAD (RDC),Retail,A,FC,Fast Fashion,Sterling,French Connection,9,36,11,11,0,0,11,11,7,3.5,0,25,7,32,Star,,,
PO-GHAZIABAD (RDC) HB,PO-GHAZIABAD (RDC)Hugo BossFrame,HB,Frame,PO-GHAZIABAD (RDC),Retail,A,HB,Luxury,Safilo,Hugo Boss,3,23,0,0,0,0,0,0,0,0,0,23,0,23,Star,,,
PO-GHAZIABAD (RDC) ID-S,PO-GHAZIABAD (RDC)IdeeSunglass,ID-S,Sunglass,PO-GHAZIABAD (RDC),Retail,A,ID-S,Fast Fashion,Ronak Optics,Idee,18,42,22,22,0,0,22,22,12,6,0,20,12,32,Star,,,
PO-GHAZIABAD (RDC) OB,PO-GHAZIABAD (RDC)OmbraSunglass,OB,Sunglass,PO-GHAZIABAD (RDC),Retail,A,OB,Private Labels,Private Labels,Ombra,12,28,21,33,0,0,21,33,0,0,12,7,-12,-5,Star,,,
PO-GHAZIABAD (RDC) OX,PO-GHAZIABAD (RDC)OakleyFrame,OX,Frame,PO-GHAZIABAD (RDC),Retail,A,OX,Sport,Luxottica,Oakley,,15,5,6,0,0,5,6,0,0,1,10,-1,9,Star,,,
PO-GHAZIABAD (RDC) PC,PO-GHAZIABAD (RDC)Pierre CardinFrame,PC,Frame,PO-GHAZIABAD (RDC),Retail,A,PC,Fast Fashion,Safilo,Pierre Cardin,6,32,13,13,0,0,13,13,7,3.5,0,19,6,25,Star,,,
PO-GHAZIABAD (RDC) PR,PO-GHAZIABAD (RDC)PradaFrame,PR,Frame,PO-GHAZIABAD (RDC),Retail,A,PR,Luxury,Luxottica,Prada,3,15,0,0,0,0,0,0,0,0,0,15,0,15,Star,,,
PO-GHAZIABAD (RDC) PR-S,PO-GHAZIABAD (RDC)PradaSunglass,PR-S,Sunglass,PO-GHAZIABAD (RDC),Retail,A,PR-S,Luxury,Luxottica,Prada,3,15,0,0,0,0,0,0,0,0,0,15,0,15,Star,,,
PO-GHAZIABAD (RDC) RB,PO-GHAZIABAD (RDC)RaybanSunglass,RB,Sunglass,PO-GHAZIABAD (RDC),Retail,A,RB,Lifestyle,Luxottica,Rayban,9,39,24,24,0,0,24,24,14,7,0,15,9,24,Star,,,
PO-GHAZIABAD (RDC) RX,PO-GHAZIABAD (RDC)RaybanFrame,RX,Frame,PO-GHAZIABAD (RDC),Retail,A,RX,Lifestyle,Luxottica,Rayban,9,39,30,30,0,0,30,30,8,4,0,9,8,17,Star,,,
PO-GHAZIABAD (RDC) TH,PO-GHAZIABAD (RDC)Tommy HilfigerFrame,TH,Frame,PO-GHAZIABAD (RDC),Retail,A,TH,Lifestyle,Sterling,Tommy Hilfiger,6,24,17,17,0,0,17,17,7,3.5,0,7,6,13,Star,,,
PO-GHAZIABAD (RDC) TH-S,PO-GHAZIABAD (RDC)Tommy HilfigerSunglass,TH-S,Sunglass,PO-GHAZIABAD (RDC),Retail,A,TH-S,Lifestyle,Sterling,Tommy Hilfiger,6,38,0,0,0,0,0,0,0,0,0,38,0,38,Star,,,
PO-GHAZIABAD (RDC) VO,PO-GHAZIABAD (RDC)VogueFrame,VO,Frame,PO-GHAZIABAD (RDC),Retail,A,VO,Fast Fashion,Luxottica,Vogue,6,32,19,22,0,0,19,22,7,3.5,3,13,4,17,Star,,,
PO-GHAZIABAD (RDC) VO-S,PO-GHAZIABAD (RDC)VogueSunglass,VO-S,Sunglass,PO-GHAZIABAD (RDC),Retail,A,VO-S,Fast Fashion,Luxottica,Vogue,3,20,12,13,0,0,12,13,2,1,1,8,1,9,Star,,,
PO-GTB NAGAR AD,PO-GTB NAGARAdmyraFrame,AD,Frame,PO-GTB NAGAR,Retail,A,AD,Private Labels,Private Labels,Admyra,48,112,194,263,53,57,247,320,0,0,69,-82,-69,-151,,,,
PO-GTB NAGAR AV,PO-GTB NAGARAvantaFrame,AV,Frame,PO-GTB NAGAR,Retail,A,AV,Private Labels,Private Labels,Avanta,30,70,20,21,1,1,21,22,0,0,1,50,-1,49,,,,
PO-GTB NAGAR AV-K,PO-GTB NAGARAvanta KidsFrame,AV-K,Frame,PO-GTB NAGAR,Retail,A,AV-K,Private Labels,Private Labels,Avanta Kids,12,28,28,39,0,0,28,39,0,0,11,0,-11,-11,,,,
PO-GTB NAGAR CA,PO-GTB NAGARCarreraFrame,CA,Frame,PO-GTB NAGAR,Retail,A,CA,Lifestyle,Safilo,Carrera,6,32,4,26,0,0,4,26,0,0,22,28,-22,6,,,,
PO-GTB NAGAR CA-S,PO-GTB NAGARCarreraSunglass,CA-S,Sunglass,PO-GTB NAGAR,Retail,A,CA-S,Lifestyle,Safilo,Carrera,6,24,0,0,0,0,0,0,0,0,0,24,0,24,,,,
PO-GTB NAGAR FC,PO-GTB NAGARFrench ConnectionFrame,FC,Frame,PO-GTB NAGAR,Retail,A,FC,Fast Fashion,Sterling,French Connection,6,32,0,0,0,0,0,0,0,0,0,32,0,32,,,,
PO-GTB NAGAR FO,PO-GTB NAGARFossilFrame,FO,Frame,PO-GTB NAGAR,Retail,A,FO,Fast Fashion,Framing Network,Fossil,6,32,0,0,0,0,0,0,0,0,0,32,0,32,,,,
PO-GTB NAGAR ID-S,PO-GTB NAGARIdeeSunglass,ID-S,Sunglass,PO-GTB NAGAR,Retail,A,ID-S,Fast Fashion,Ronak Optics,Idee,18,46,18,26,0,0,18,26,0,0,8,28,-8,20,,,,
PO-GTB NAGAR OB,PO-GTB NAGAROmbraSunglass,OB,Sunglass,PO-GTB NAGAR,Retail,A,OB,Private Labels,Private Labels,Ombra,12,24,21,33,0,0,21,33,0,0,12,3,-12,-9,,,,
PO-GTB NAGAR PC,PO-GTB NAGARPierre CardinFrame,PC,Frame,PO-GTB NAGAR,Retail,A,PC,Fast Fashion,Safilo,Pierre Cardin,6,24,7,24,0,0,7,24,0,0,17,17,-17,0,,,,
PO-GTB NAGAR RB,PO-GTB NAGARRaybanSunglass,RB,Sunglass,PO-GTB NAGAR,Retail,A,RB,Lifestyle,Luxottica,Rayban,15,68,54,65,0,0,54,65,0,0,11,14,-11,3,,,,
PO-GTB NAGAR RX,PO-GTB NAGARRaybanFrame,RX,Frame,PO-GTB NAGAR,Retail,A,RX,Lifestyle,Luxottica,Rayban,12,56,35,39,0,0,35,39,0,0,4,21,-4,17,,,,
PO-GTB NAGAR TH,PO-GTB NAGARTommy HilfigerFrame,TH,Frame,PO-GTB NAGAR,Retail,A,TH,Lifestyle,Sterling,Tommy Hilfiger,9,36,0,0,0,0,0,0,0,0,0,36,0,36,,,,
PO-GTB NAGAR VO,PO-GTB NAGARVogueFrame,VO,Frame,PO-GTB NAGAR,Retail,A,VO,Fast Fashion,Luxottica,Vogue,9,36,32,41,0,0,32,41,0,0,9,4,-9,-5,,,,
PO-GTB NAGAR VO-S,PO-GTB NAGARVogueSunglass,VO-S,Sunglass,PO-GTB NAGAR,Retail,A,VO-S,Fast Fashion,Luxottica,Vogue,6,32,22,32,0,0,22,32,0,0,10,10,-10,0,,,,
PO-GURGAON(MPM) AD,PO-GURGAON(MPM)AdmyraFrame,AD,Frame,PO-GURGAON(MPM),Retail,A,AD,Private Labels,Private Labels,Admyra,30,140,293,382,37,38,330,420,27,13.5,89,-153,-62,-215,,,,
PO-GURGAON(MPM) AV,PO-GURGAON(MPM)AvantaFrame,AV,Frame,PO-GURGAON(MPM),Retail,A,AV,Private Labels,Private Labels,Avanta,30,70,162,171,73,76,235,247,12,6,9,-92,3,-89,,,,
PO-GURGAON(MPM) AV-K,PO-GURGAON(MPM)Avanta KidsFrame,AV-K,Frame,PO-GURGAON(MPM),Retail,A,AV-K,Private Labels,Private Labels,Avanta Kids,10,20,16,16,44,44,60,60,0,0,0,4,0,4,,,,
PO-GURGAON(MPM) AX,PO-GURGAON(MPM)Armani ExchangeFrame,AX,Frame,PO-GURGAON(MPM),Retail,A,AX,Fast Fashion,Alankar,Armani Exchange,3,12,5,5,0,0,5,5,0,0,0,7,0,7,,,,
PO-GURGAON(MPM) BE-O,PO-GURGAON(MPM)BurberryFrame,BE-O,Frame,PO-GURGAON(MPM),Retail,A,BE-O,Luxury,Luxottica,Burberry,3,20,0,0,0,0,0,0,0,0,0,20,0,20,,,,
PO-GURGAON(MPM) CA,PO-GURGAON(MPM)CarreraFrame,CA,Frame,PO-GURGAON(MPM),Retail,A,CA,Lifestyle,Safilo,Carrera,6,32,24,25,0,0,24,25,0,0,1,8,-1,7,,,,
PO-GURGAON(MPM) EA,PO-GURGAON(MPM)Emporio ArmaniFrame,EA,Frame,PO-GURGAON(MPM),Retail,A,EA,Premium Fashion,Luxottica,Emporio Armani,3,12,14,14,0,0,14,14,3,1.5,0,-2,3,1,,,,
PO-GURGAON(MPM) FC,PO-GURGAON(MPM)French ConnectionFrame,FC,Frame,PO-GURGAON(MPM),Retail,A,FC,Fast Fashion,Sterling,French Connection,3,20,11,11,0,0,11,11,2,1,0,9,2,11,,,,
PO-GURGAON(MPM) ID-S,PO-GURGAON(MPM)IdeeSunglass,ID-S,Sunglass,PO-GURGAON(MPM),Retail,A,ID-S,Fast Fashion,Ronak Optics,Idee,18,42,15,15,0,0,15,15,11,5.5,0,27,11,38,,,,
PO-GURGAON(MPM) OB,PO-GURGAON(MPM)OmbraSunglass,OB,Sunglass,PO-GURGAON(MPM),Retail,A,OB,Private Labels,Private Labels,Ombra,12,28,21,33,0,0,21,33,0,0,12,7,-12,-5,,,,
PO-GURGAON(MPM) PC,PO-GURGAON(MPM)Pierre CardinFrame,PC,Frame,PO-GURGAON(MPM),Retail,A,PC,Fast Fashion,Safilo,Pierre Cardin,6,24,13,15,0,0,13,15,2,1,2,11,0,11,,,,
PO-GURGAON(MPM) RB,PO-GURGAON(MPM)RaybanSunglass,RB,Sunglass,PO-GURGAON(MPM),Retail,A,RB,Lifestyle,Luxottica,Rayban,9,36,23,23,0,0,23,23,10,5,0,13,9,22,,,,
PO-GURGAON(MPM) RX,PO-GURGAON(MPM)RaybanFrame,RX,Frame,PO-GURGAON(MPM),Retail,A,RX,Lifestyle,Luxottica,Rayban,9,36,22,22,0,0,22,22,1,0.5,0,14,1,15,,,,
PO-GURGAON(MPM) TH,PO-GURGAON(MPM)Tommy HilfigerFrame,TH,Frame,PO-GURGAON(MPM),Retail,A,TH,Lifestyle,Sterling,Tommy Hilfiger,6,24,19,19,0,0,19,19,0,0,0,5,0,5,,,,
PO-GURGAON(MPM) VO,PO-GURGAON(MPM)VogueFrame,VO,Frame,PO-GURGAON(MPM),Retail,A,VO,Fast Fashion,Luxottica,Vogue,6,24,17,17,0,0,17,17,1,0.5,0,7,1,8,,,,
PO-GURGAON(MPM) VO-S,PO-GURGAON(MPM)VogueSunglass,VO-S,Sunglass,PO-GURGAON(MPM),Retail,A,VO-S,Fast Fashion,Luxottica,Vogue,6,32,0,0,0,0,0,0,0,0,0,32,0,32,,,,
PO-GURGAON1 AD,PO-GURGAON1AdmyraFrame,AD,Frame,PO-GURGAON1,SIS,B,AD,Private Labels,Private Labels,Admyra,,80,139,145,28,28,167,173,20,10,6,-59,0,-59,,,,
PO-GURGAON1 AV,PO-GURGAON1AvantaFrame,AV,Frame,PO-GURGAON1,SIS,B,AV,Private Labels,Private Labels,Avanta,,68,94,96,162,227,256,323,39,19.5,2,-26,0,-26,,,,
PO-GURGAON1 AV-K,PO-GURGAON1Avanta KidsFrame,AV-K,Frame,PO-GURGAON1,SIS,B,AV-K,Private Labels,Private Labels,Avanta Kids,,25,18,18,22,25,40,43,8,4,0,7,0,7,,,,
PO-GURGAON14 AD,PO-GURGAON14AdmyraFrame,AD,Frame,PO-GURGAON14,Retail,A,AD,Private Labels,Private Labels,Admyra,75,208,254,344,46,56,300,400,13,6.5,90,-46,-77,-123,,,,
PO-GURGAON14 AV,PO-GURGAON14AvantaFrame,AV,Frame,PO-GURGAON14,Retail,A,AV,Private Labels,Private Labels,Avanta,48,112,126,133,92,122,218,255,36,18,7,-14,29,15,,,,
PO-GURGAON14 AV-K,PO-GURGAON14Avanta KidsFrame,AV-K,Frame,PO-GURGAON14,Retail,A,AV-K,Private Labels,Private Labels,Avanta Kids,12,28,37,41,21,21,58,62,1,0.5,4,-9,-3,-12,,,,
PO-GURGAON14 CA,PO-GURGAON14CarreraFrame,CA,Frame,PO-GURGAON14,Retail,A,CA,Lifestyle,Safilo,Carrera,3,20,22,23,0,0,22,23,2,1,1,-2,1,-1,,,,
PO-GURGAON14 FC,PO-GURGAON14French ConnectionFrame,FC,Frame,PO-GURGAON14,Retail,A,FC,Fast Fashion,Sterling,French Connection,6,24,18,18,0,0,18,18,2,1,0,6,2,8,,,,
PO-GURGAON14 ID-S,PO-GURGAON14IdeeSunglass,ID-S,Sunglass,PO-GURGAON14,Retail,A,ID-S,Fast Fashion,Ronak Optics,Idee,9,44,17,17,0,0,17,17,11,5.5,0,27,9,36,,,,
PO-GURGAON14 OB,PO-GURGAON14OmbraSunglass,OB,Sunglass,PO-GURGAON14,Retail,A,OB,Private Labels,Private Labels,Ombra,6,24,21,27,0,0,21,27,0,0,6,3,-6,-3,,,,
PO-GURGAON14 PC,PO-GURGAON14Pierre CardinFrame,PC,Frame,PO-GURGAON14,Retail,A,PC,Fast Fashion,Safilo,Pierre Cardin,3,20,14,14,0,0,14,14,0,0,0,6,0,6,,,,
PO-GURGAON14 RB,PO-GURGAON14RaybanSunglass,RB,Sunglass,PO-GURGAON14,Retail,A,RB,Lifestyle,Luxottica,Rayban,9,36,21,21,0,0,21,21,7,3.5,0,15,7,22,,,,
PO-GURGAON14 RX,PO-GURGAON14RaybanFrame,RX,Frame,PO-GURGAON14,Retail,A,RX,Lifestyle,Luxottica,Rayban,6,24,23,23,0,0,23,23,4,2,0,1,4,5,,,,
PO-GURGAON14 TH,PO-GURGAON14Tommy HilfigerFrame,TH,Frame,PO-GURGAON14,Retail,A,TH,Lifestyle,Sterling,Tommy Hilfiger,6,24,19,19,0,0,19,19,2,1,0,5,2,7,,,,
PO-GURGAON14 VL,PO-GURGAON14VelocitySunglass,VL,Sunglass,PO-GURGAON14,Retail,A,VL,Local Labels,Velocity,Velocity,,224,68,74,0,0,68,74,18,9,6,156,0,156,,,,
PO-GURGAON14 VO,PO-GURGAON14VogueFrame,VO,Frame,PO-GURGAON14,Retail,A,VO,Fast Fashion,Luxottica,Vogue,6,24,17,17,0,0,17,17,1,0.5,0,7,1,8,,,,
PO-GURGAON14 VO-S,PO-GURGAON14VogueSunglass,VO-S,Sunglass,PO-GURGAON14,Retail,A,VO-S,Fast Fashion,Luxottica,Vogue,6,32,1,1,0,0,1,1,0,0,0,31,0,31,,,,
PO-GUWAHATI AD,PO-GUWAHATIAdmyraFrame,AD,Frame,PO-GUWAHATI,SIS,A,AD,Private Labels,Private Labels,Admyra,,246,272,273,0,0,272,273,12,6,1,-26,0,-26,,,,
PO-GUWAHATI AV,PO-GUWAHATIAvantaFrame,AV,Frame,PO-GUWAHATI,SIS,A,AV,Private Labels,Private Labels,Avanta,,160,301,307,16,38,317,345,16,8,6,-141,0,-141,,,,
PO-GUWAHATI AV-K,PO-GUWAHATIAvanta KidsFrame,AV-K,Frame,PO-GUWAHATI,SIS,A,AV-K,Private Labels,Private Labels,Avanta Kids,,28,35,35,11,17,46,52,0,0,0,-7,0,-7,,,,
PO-GUWAHATI CA,PO-GUWAHATICarreraFrame,CA,Frame,PO-GUWAHATI,SIS,A,CA,Lifestyle,Safilo,Carrera,3,12,4,4,0,0,4,4,0,0,0,8,0,8,,,,
PO-GUWAHATI FC,PO-GUWAHATIFrench ConnectionFrame,FC,Frame,PO-GUWAHATI,SIS,A,FC,Fast Fashion,Sterling,French Connection,3,12,13,13,0,0,13,13,1,0.5,0,-1,1,0,,,,
PO-GUWAHATI RX,PO-GUWAHATIRaybanFrame,RX,Frame,PO-GUWAHATI,SIS,A,RX,Lifestyle,Luxottica,Rayban,3,20,11,11,0,0,11,11,0,0,0,9,0,9,,,,
PO-GUWAHATI TH,PO-GUWAHATITommy HilfigerFrame,TH,Frame,PO-GUWAHATI,SIS,A,TH,Lifestyle,Sterling,Tommy Hilfiger,3,12,12,12,0,0,12,12,0,0,0,0,0,0,,,,
PO-GUWAHATI VO,PO-GUWAHATIVogueFrame,VO,Frame,PO-GUWAHATI,SIS,A,VO,Fast Fashion,Luxottica,Vogue,3,12,14,14,0,0,14,14,0,0,0,-2,0,-2,,,,
PO-HYDERABAD(KUKATPALLY) AD,PO-HYDERABAD(KUKATPALLY)AdmyraFrame,AD,Frame,PO-HYDERABAD(KUKATPALLY),SIS,A,AD,Private Labels,Private Labels,Admyra,,192,131,131,50,56,181,187,81,40.5,0,61,0,61,,,,
PO-HYDERABAD(KUKATPALLY) AV,PO-HYDERABAD(KUKATPALLY)AvantaFrame,AV,Frame,PO-HYDERABAD(KUKATPALLY),SIS,A,AV,Private Labels,Private Labels,Avanta,,160,63,68,134,165,197,233,71,35.5,5,97,0,97,,,,
PO-HYDERABAD(KUKATPALLY) AV-K,PO-HYDERABAD(KUKATPALLY)Avanta KidsFrame,AV-K,Frame,PO-HYDERABAD(KUKATPALLY),SIS,A,AV-K,Private Labels,Private Labels,Avanta Kids,,32,20,22,21,22,41,44,28,14,2,12,0,12,,,,
PO-HYDERABAD(KUKATPALLY) AX,PO-HYDERABAD(KUKATPALLY)Armani ExchangeFrame,AX,Frame,PO-HYDERABAD(KUKATPALLY),SIS,A,AX,Fast Fashion,Alankar,Armani Exchange,,16,2,2,0,0,2,2,0,0,0,14,0,14,,,,
PO-HYDERABAD(KUKATPALLY) CA,PO-HYDERABAD(KUKATPALLY)CarreraFrame,CA,Frame,PO-HYDERABAD(KUKATPALLY),SIS,A,CA,Lifestyle,Safilo,Carrera,,16,8,10,0,0,8,10,1,0.5,2,8,-1,7,,,,
PO-HYDERABAD(KUKATPALLY) EA,PO-HYDERABAD(KUKATPALLY)Emporio ArmaniFrame,EA,Frame,PO-HYDERABAD(KUKATPALLY),SIS,A,EA,Premium Fashion,Luxottica,Emporio Armani,,16,14,14,0,0,14,14,5,2.5,0,2,0,2,,,,
PO-HYDERABAD(KUKATPALLY) FC,PO-HYDERABAD(KUKATPALLY)French ConnectionFrame,FC,Frame,PO-HYDERABAD(KUKATPALLY),SIS,A,FC,Fast Fashion,Sterling,French Connection,,16,11,11,0,0,11,11,2,1,0,5,0,5,,,,
PO-HYDERABAD(KUKATPALLY) PC,PO-HYDERABAD(KUKATPALLY)Pierre CardinFrame,PC,Frame,PO-HYDERABAD(KUKATPALLY),SIS,A,PC,Fast Fashion,Safilo,Pierre Cardin,,16,8,9,0,0,8,9,4,2,1,8,0,8,,,,
PO-HYDERABAD(KUKATPALLY) RX,PO-HYDERABAD(KUKATPALLY)RaybanFrame,RX,Frame,PO-HYDERABAD(KUKATPALLY),SIS,A,RX,Lifestyle,Luxottica,Rayban,,24,29,29,0,0,29,29,2,1,0,-5,0,-5,,,,
PO-HYDERABAD(KUKATPALLY) TH,PO-HYDERABAD(KUKATPALLY)Tommy HilfigerFrame,TH,Frame,PO-HYDERABAD(KUKATPALLY),SIS,A,TH,Lifestyle,Sterling,Tommy Hilfiger,,40,16,17,0,0,16,17,8,4,1,24,0,24,,,,
PO-HYDERABAD(KUKATPALLY) VO,PO-HYDERABAD(KUKATPALLY)VogueFrame,VO,Frame,PO-HYDERABAD(KUKATPALLY),SIS,A,VO,Fast Fashion,Luxottica,Vogue,,16,17,17,0,0,17,17,3,1.5,0,-1,0,-1,,,,
PO-INDIRAPURAM AD,PO-INDIRAPURAMAdmyraFrame,AD,Frame,PO-INDIRAPURAM,SIS,B,AD,Private Labels,Private Labels,Admyra,,170,143,147,46,48,189,195,25,12.5,4,27,0,27,,,,
PO-INDIRAPURAM AV,PO-INDIRAPURAMAvantaFrame,AV,Frame,PO-INDIRAPURAM,SIS,B,AV,Private Labels,Private Labels,Avanta,,240,141,148,212,293,353,441,98,49,7,99,0,99,,,,
PO-INDIRAPURAM AV-K,PO-INDIRAPURAMAvanta KidsFrame,AV-K,Frame,PO-INDIRAPURAM,SIS,B,AV-K,Private Labels,Private Labels,Avanta Kids,,25,10,12,16,24,26,36,17,8.5,2,15,0,15,,,,
PO-INDIRAPURAM RX,PO-INDIRAPURAMRaybanFrame,RX,Frame,PO-INDIRAPURAM,SIS,B,RX,Lifestyle,Luxottica,Rayban,,12,6,6,0,0,6,6,3,1.5,0,6,0,6,,,,
PO-INDIRAPURAM VO,PO-INDIRAPURAMVogueFrame,VO,Frame,PO-INDIRAPURAM,SIS,B,VO,Fast Fashion,Luxottica,Vogue,,12,2,2,0,0,2,2,2,1,0,10,0,10,,,,
PO-INDORE AD,PO-INDOREAdmyraFrame,AD,Frame,PO-INDORE,SIS,B+,AD,Private Labels,Private Labels,Admyra,,340,223,224,58,60,281,284,35,17.5,1,117,0,117,,,,
PO-INDORE AV,PO-INDOREAvantaFrame,AV,Frame,PO-INDORE,SIS,B+,AV,Private Labels,Private Labels,Avanta,,340,81,89,185,275,266,364,68,34,8,259,0,259,,,,
PO-INDORE AV-K,PO-INDOREAvanta KidsFrame,AV-K,Frame,PO-INDORE,SIS,B+,AV-K,Private Labels,Private Labels,Avanta Kids,,24,15,15,43,49,58,64,3,1.5,0,9,0,9,,,,
PO-INDORE 2 AD,PO-INDORE 2AdmyraFrame,AD,Frame,PO-INDORE 2,SIS,B,AD,Private Labels,Private Labels,Admyra,,55,125,131,38,38,163,169,10,5,6,-70,0,-70,,,,
PO-INDORE 2 AV,PO-INDORE 2AvantaFrame,AV,Frame,PO-INDORE 2,SIS,B,AV,Private Labels,Private Labels,Avanta,,120,150,165,233,325,383,490,42,21,15,-30,0,-30,,,,
PO-INDORE 2 AV-K,PO-INDORE 2Avanta KidsFrame,AV-K,Frame,PO-INDORE 2,SIS,B,AV-K,Private Labels,Private Labels,Avanta Kids,,25,30,41,34,39,64,80,15,7.5,11,-5,0,-5,,,,
PO-JAIPUR AD,PO-JAIPURAdmyraFrame,AD,Frame,PO-JAIPUR,SIS,A,AD,Private Labels,Private Labels,Admyra,,248,165,165,78,84,243,249,35,17.5,0,83,0,83,,,,
PO-JAIPUR AV,PO-JAIPURAvantaFrame,AV,Frame,PO-JAIPUR,SIS,A,AV,Private Labels,Private Labels,Avanta,,160,84,91,211,310,295,401,84,42,7,76,0,76,,,,
PO-JAIPUR AV-K,PO-JAIPURAvanta KidsFrame,AV-K,Frame,PO-JAIPUR,SIS,A,AV-K,Private Labels,Private Labels,Avanta Kids,,32,7,7,29,31,36,38,9,4.5,0,25,0,25,,,,
PO-JAIPUR CA,PO-JAIPURCarreraFrame,CA,Frame,PO-JAIPUR,SIS,A,CA,Lifestyle,Safilo,Carrera,,16,9,10,0,0,9,10,2,1,1,7,0,7,,,,
PO-JAIPUR FC,PO-JAIPURFrench ConnectionFrame,FC,Frame,PO-JAIPUR,SIS,A,FC,Fast Fashion,Sterling,French Connection,,16,14,14,0,0,14,14,1,0.5,0,2,0,2,,,,
PO-JAIPUR PC,PO-JAIPURPierre CardinFrame,PC,Frame,PO-JAIPUR,SIS,A,PC,Fast Fashion,Safilo,Pierre Cardin,,16,10,11,0,0,10,11,3,1.5,1,6,0,6,,,,
PO-JAIPUR RX,PO-JAIPURRaybanFrame,RX,Frame,PO-JAIPUR,SIS,A,RX,Lifestyle,Luxottica,Rayban,,20,22,22,0,0,22,22,2,1,0,-2,0,-2,,,,
PO-JAIPUR TH,PO-JAIPURTommy HilfigerFrame,TH,Frame,PO-JAIPUR,SIS,A,TH,Lifestyle,Sterling,Tommy Hilfiger,,16,18,18,0,0,18,18,2,1,0,-2,0,-2,,,,
PO-JAIPUR VO,PO-JAIPURVogueFrame,VO,Frame,PO-JAIPUR,SIS,A,VO,Fast Fashion,Luxottica,Vogue,,20,23,23,0,0,23,23,4,2,0,-3,0,-3,,,,
PO-JAIPUR 2 AD,PO-JAIPUR 2AdmyraFrame,AD,Frame,PO-JAIPUR 2,SIS,B+,AD,Private Labels,Private Labels,Admyra,,100,148,149,59,63,207,212,15,7.5,1,-48,0,-48,,,,
PO-JAIPUR 2 AV,PO-JAIPUR 2AvantaFrame,AV,Frame,PO-JAIPUR 2,SIS,B+,AV,Private Labels,Private Labels,Avanta,,70,92,95,243,307,335,402,5,2.5,3,-22,0,-22,,,,
PO-JAIPUR 2 AV-K,PO-JAIPUR 2Avanta KidsFrame,AV-K,Frame,PO-JAIPUR 2,SIS,B+,AV-K,Private Labels,Private Labels,Avanta Kids,,22,10,10,34,41,44,51,0,0,0,12,0,12,,,,
PO-JODHPUR AD,PO-JODHPURAdmyraFrame,AD,Frame,PO-JODHPUR,SIS,B,AD,Private Labels,Private Labels,Admyra,,70,157,161,46,46,203,207,21,10.5,4,-87,0,-87,,,,
PO-JODHPUR AV,PO-JODHPURAvantaFrame,AV,Frame,PO-JODHPUR,SIS,B,AV,Private Labels,Private Labels,Avanta,,100,68,69,168,227,236,296,57,28.5,1,32,0,32,,,,
PO-JODHPUR AV-K,PO-JODHPURAvanta KidsFrame,AV-K,Frame,PO-JODHPUR,SIS,B,AV-K,Private Labels,Private Labels,Avanta Kids,,26,9,9,31,34,40,43,5,2.5,0,17,0,17,,,,
PO-JODHPUR RX,PO-JODHPURRaybanFrame,RX,Frame,PO-JODHPUR,SIS,B,RX,Lifestyle,Luxottica,Rayban,,12,8,8,0,0,8,8,2,1,0,4,0,4,,,,
PO-JODHPUR VO,PO-JODHPURVogueFrame,VO,Frame,PO-JODHPUR,SIS,B,VO,Fast Fashion,Luxottica,Vogue,,12,1,1,0,0,1,1,1,0.5,0,11,0,11,,,,
PO-KALKA JI AD,PO-KALKA JIAdmyraFrame,AD,Frame,PO-KALKA JI,Retail,A,AD,Private Labels,Private Labels,Admyra,45,216,267,383,179,181,446,564,27,13.5,116,-51,-89,-140,Star,,,
PO-KALKA JI AV,PO-KALKA JIAvantaFrame,AV,Frame,PO-KALKA JI,Retail,A,AV,Private Labels,Private Labels,Avanta,45,120,130,163,101,107,231,270,31,15.5,33,-10,-2,-12,Star,,,
PO-KALKA JI AV-K,PO-KALKA JIAvanta KidsFrame,AV-K,Frame,PO-KALKA JI,Retail,A,AV-K,Private Labels,Private Labels,Avanta Kids,15,40,13,14,23,24,36,38,0,0,1,27,-1,26,Star,,,
PO-KALKA JI AX,PO-KALKA JIArmani ExchangeFrame,AX,Frame,PO-KALKA JI,Retail,A,AX,Fast Fashion,Alankar,Armani Exchange,3,12,3,3,0,0,3,3,0,0,0,9,0,9,Star,,,
PO-KALKA JI BE-O,PO-KALKA JIBurberryFrame,BE-O,Frame,PO-KALKA JI,Retail,A,BE-O,Luxury,Luxottica,Burberry,3,12,6,7,0,0,6,7,1,0.5,1,6,0,6,Star,,,
PO-KALKA JI CA,PO-KALKA JICarreraFrame,CA,Frame,PO-KALKA JI,Retail,A,CA,Lifestyle,Safilo,Carrera,6,24,19,20,0,0,19,20,2,1,1,5,1,6,Star,,,
PO-KALKA JI CA-S,PO-KALKA JICarreraSunglass,CA-S,Sunglass,PO-KALKA JI,Retail,A,CA-S,Lifestyle,Safilo,Carrera,6,32,6,6,0,0,6,6,0,0,0,26,0,26,Star,,,
PO-KALKA JI EA,PO-KALKA JIEmporio ArmaniFrame,EA,Frame,PO-KALKA JI,Retail,A,EA,Premium Fashion,Luxottica,Emporio Armani,3,12,7,7,0,0,7,7,2,1,0,5,2,7,Star,,,
PO-KALKA JI FC,PO-KALKA JIFrench ConnectionFrame,FC,Frame,PO-KALKA JI,Retail,A,FC,Fast Fashion,Sterling,French Connection,3,15,9,9,0,0,9,9,6,3,0,6,3,9,Star,,,
PO-KALKA JI HB,PO-KALKA JIHugo BossFrame,HB,Frame,PO-KALKA JI,Retail,A,HB,Luxury,Safilo,Hugo Boss,3,20,3,3,0,0,3,3,1,0.5,0,17,1,18,Star,,,
PO-KALKA JI ID-S,PO-KALKA JIIdeeSunglass,ID-S,Sunglass,PO-KALKA JI,Retail,A,ID-S,Fast Fashion,Ronak Optics,Idee,9,36,16,16,0,0,16,16,7,3.5,0,20,7,27,Star,,,
PO-KALKA JI OB,PO-KALKA JIOmbraSunglass,OB,Sunglass,PO-KALKA JI,Retail,A,OB,Private Labels,Private Labels,Ombra,6,32,21,33,0,0,21,33,0,0,12,11,-12,-1,Star,,,
PO-KALKA JI OX,PO-KALKA JIOakleyFrame,OX,Frame,PO-KALKA JI,Retail,A,OX,Sport,Luxottica,Oakley,,15,9,9,0,0,9,9,2,1,0,6,0,6,Star,,,
PO-KALKA JI PC,PO-KALKA JIPierre CardinFrame,PC,Frame,PO-KALKA JI,Retail,A,PC,Fast Fashion,Safilo,Pierre Cardin,3,15,15,15,0,0,15,15,4,2,0,0,3,3,Star,,,
PO-KALKA JI PR,PO-KALKA JIPradaFrame,PR,Frame,PO-KALKA JI,Retail,A,PR,Luxury,Luxottica,Prada,3,12,0,0,0,0,0,0,0,0,0,12,0,12,Star,,,
PO-KALKA JI RB,PO-KALKA JIRaybanSunglass,RB,Sunglass,PO-KALKA JI,Retail,A,RB,Lifestyle,Luxottica,Rayban,6,39,9,9,0,0,9,9,1,0.5,0,30,1,31,Star,,,
PO-KALKA JI RX,PO-KALKA JIRaybanFrame,RX,Frame,PO-KALKA JI,Retail,A,RX,Lifestyle,Luxottica,Rayban,6,32,15,15,0,0,15,15,4,2,0,17,4,21,Star,,,
PO-KALKA JI TH,PO-KALKA JITommy HilfigerFrame,TH,Frame,PO-KALKA JI,Retail,A,TH,Lifestyle,Sterling,Tommy Hilfiger,3,20,20,20,0,0,20,20,2,1,0,0,2,2,Star,,,
PO-KALKA JI TH-S,PO-KALKA JITommy HilfigerSunglass,TH-S,Sunglass,PO-KALKA JI,Retail,A,TH-S,Lifestyle,Sterling,Tommy Hilfiger,9,36,0,0,0,0,0,0,0,0,0,36,0,36,Star,,,
PO-KALKA JI VO,PO-KALKA JIVogueFrame,VO,Frame,PO-KALKA JI,Retail,A,VO,Fast Fashion,Luxottica,Vogue,6,24,18,18,0,0,18,18,1,0.5,0,6,1,7,Star,,,
PO-KALKA JI VO-S,PO-KALKA JIVogueSunglass,VO-S,Sunglass,PO-KALKA JI,Retail,A,VO-S,Fast Fashion,Luxottica,Vogue,6,32,0,0,0,0,0,0,0,0,0,32,0,32,Star,,,
PO-KANPUR AD,PO-KANPURAdmyraFrame,AD,Frame,PO-KANPUR,SIS,B,AD,Private Labels,Private Labels,Admyra,,100,144,144,18,19,162,163,19,9.5,0,-44,0,-44,,,,
PO-KANPUR AV,PO-KANPURAvantaFrame,AV,Frame,PO-KANPUR,SIS,B,AV,Private Labels,Private Labels,Avanta,,320,147,159,94,140,241,299,114,57,12,173,0,173,,,,
PO-KANPUR AV-K,PO-KANPURAvanta KidsFrame,AV-K,Frame,PO-KANPUR,SIS,B,AV-K,Private Labels,Private Labels,Avanta Kids,,25,11,11,17,23,28,34,0,0,0,14,0,14,,,,
PO-KANPUR RX,PO-KANPURRaybanFrame,RX,Frame,PO-KANPUR,SIS,B,RX,Lifestyle,Luxottica,Rayban,,12,3,3,0,0,3,3,1,0.5,0,9,0,9,,,,
PO-KANPUR VO,PO-KANPURVogueFrame,VO,Frame,PO-KANPUR,SIS,B,VO,Fast Fashion,Luxottica,Vogue,,12,3,3,0,0,3,3,2,1,0,9,0,9,,,,
PO-KAROL BAGH AD,PO-KAROL BAGHAdmyraFrame,AD,Frame,PO-KAROL BAGH,Retail,A,AD,Private Labels,Private Labels,Admyra,27,124,230,302,47,52,277,354,22,11,72,-106,-50,-156,,,,
PO-KAROL BAGH AV,PO-KAROL BAGHAvantaFrame,AV,Frame,PO-KAROL BAGH,Retail,A,AV,Private Labels,Private Labels,Avanta,48,112,105,107,32,35,137,142,53,26.5,2,7,48,55,,,,
PO-KAROL BAGH AV-K,PO-KAROL BAGHAvanta KidsFrame,AV-K,Frame,PO-KAROL BAGH,Retail,A,AV-K,Private Labels,Private Labels,Avanta Kids,12,28,14,14,22,22,36,36,2,1,0,14,2,16,,,,
PO-KAROL BAGH CA,PO-KAROL BAGHCarreraFrame,CA,Frame,PO-KAROL BAGH,Retail,A,CA,Lifestyle,Safilo,Carrera,6,24,14,14,0,0,14,14,4,2,0,10,4,14,,,,
PO-KAROL BAGH FC,PO-KAROL BAGHFrench ConnectionFrame,FC,Frame,PO-KAROL BAGH,Retail,A,FC,Fast Fashion,Sterling,French Connection,6,24,12,12,0,0,12,12,1,0.5,0,12,1,13,,,,
PO-KAROL BAGH ID-S,PO-KAROL BAGHIdeeSunglass,ID-S,Sunglass,PO-KAROL BAGH,Retail,A,ID-S,Fast Fashion,Ronak Optics,Idee,18,42,17,17,0,0,17,17,5,2.5,0,25,5,30,,,,
PO-KAROL BAGH OB,PO-KAROL BAGHOmbraSunglass,OB,Sunglass,PO-KAROL BAGH,Retail,A,OB,Private Labels,Private Labels,Ombra,12,28,0,0,0,0,0,0,0,0,0,28,0,28,,,,
PO-KAROL BAGH PC,PO-KAROL BAGHPierre CardinFrame,PC,Frame,PO-KAROL BAGH,Retail,A,PC,Fast Fashion,Safilo,Pierre Cardin,3,20,13,13,0,0,13,13,4,2,0,7,3,10,,,,
PO-KAROL BAGH RX,PO-KAROL BAGHRaybanFrame,RX,Frame,PO-KAROL BAGH,Retail,A,RX,Lifestyle,Luxottica,Rayban,6,24,17,17,0,0,17,17,0,0,0,7,0,7,,,,
PO-KAROL BAGH TH,PO-KAROL BAGHTommy HilfigerFrame,TH,Frame,PO-KAROL BAGH,Retail,A,TH,Lifestyle,Sterling,Tommy Hilfiger,3,20,19,19,0,0,19,19,2,1,0,1,2,3,,,,
PO-KAROL BAGH VO,PO-KAROL BAGHVogueFrame,VO,Frame,PO-KAROL BAGH,Retail,A,VO,Fast Fashion,Luxottica,Vogue,6,24,13,13,0,0,13,13,0,0,0,11,0,11,,,,
PO-KOLKATA(AJC BOSE ROAD) AD,PO-KOLKATA(AJC BOSE ROAD)AdmyraFrame,AD,Frame,PO-KOLKATA(AJC BOSE ROAD),SIS,A,AD,Private Labels,Private Labels,Admyra,,168,131,132,13,14,144,146,43,21.5,1,37,0,37,,,,
PO-KOLKATA(AJC BOSE ROAD) AV,PO-KOLKATA(AJC BOSE ROAD)AvantaFrame,AV,Frame,PO-KOLKATA(AJC BOSE ROAD),SIS,A,AV,Private Labels,Private Labels,Avanta,,196,122,135,89,107,211,242,85,42.5,13,74,0,74,,,,
PO-KOLKATA(AJC BOSE ROAD) AV-K,PO-KOLKATA(AJC BOSE ROAD)Avanta KidsFrame,AV-K,Frame,PO-KOLKATA(AJC BOSE ROAD),SIS,A,AV-K,Private Labels,Private Labels,Avanta Kids,,28,22,22,18,35,40,57,14,7,0,6,0,6,,,,
PO-KOLKATA(AJC BOSE ROAD) CA,PO-KOLKATA(AJC BOSE ROAD)CarreraFrame,CA,Frame,PO-KOLKATA(AJC BOSE ROAD),SIS,A,CA,Lifestyle,Safilo,Carrera,,14,9,9,0,0,9,9,3,1.5,0,5,0,5,,,,
PO-KOLKATA(AJC BOSE ROAD) FC,PO-KOLKATA(AJC BOSE ROAD)French ConnectionFrame,FC,Frame,PO-KOLKATA(AJC BOSE ROAD),SIS,A,FC,Fast Fashion,Sterling,French Connection,,14,4,4,0,0,4,4,5,2.5,0,10,0,10,,,,
PO-KOLKATA(AJC BOSE ROAD) PC,PO-KOLKATA(AJC BOSE ROAD)Pierre CardinFrame,PC,Frame,PO-KOLKATA(AJC BOSE ROAD),SIS,A,PC,Fast Fashion,Safilo,Pierre Cardin,,14,9,9,0,0,9,9,4,2,0,5,0,5,,,,
PO-KOLKATA(AJC BOSE ROAD) RX,PO-KOLKATA(AJC BOSE ROAD)RaybanFrame,RX,Frame,PO-KOLKATA(AJC BOSE ROAD),SIS,A,RX,Lifestyle,Luxottica,Rayban,,28,22,22,0,0,22,22,8,4,0,6,0,6,,,,
PO-KOLKATA(AJC BOSE ROAD) TH,PO-KOLKATA(AJC BOSE ROAD)Tommy HilfigerFrame,TH,Frame,PO-KOLKATA(AJC BOSE ROAD),SIS,A,TH,Lifestyle,Sterling,Tommy Hilfiger,,14,13,14,0,0,13,14,5,2.5,1,1,0,1,,,,
PO-KOLKATA(AJC BOSE ROAD) VO,PO-KOLKATA(AJC BOSE ROAD)VogueFrame,VO,Frame,PO-KOLKATA(AJC BOSE ROAD),SIS,A,VO,Fast Fashion,Luxottica,Vogue,,28,17,17,0,0,17,17,2,1,0,11,0,11,,,,
PO-KOLKATA(Madhyamgram) AD,PO-KOLKATA(Madhyamgram)AdmyraFrame,AD,Frame,PO-KOLKATA(Madhyamgram),SIS,A,AD,Private Labels,Private Labels,Admyra,,96,130,131,13,13,143,144,61,30.5,1,-34,0,-34,,,,
PO-KOLKATA(Madhyamgram) AV,PO-KOLKATA(Madhyamgram)AvantaFrame,AV,Frame,PO-KOLKATA(Madhyamgram),SIS,A,AV,Private Labels,Private Labels,Avanta,,80,91,95,108,151,199,246,144,72,4,-11,0,-11,,,,
PO-KOLKATA(Madhyamgram) AV-K,PO-KOLKATA(Madhyamgram)Avanta KidsFrame,AV-K,Frame,PO-KOLKATA(Madhyamgram),SIS,A,AV-K,Private Labels,Private Labels,Avanta Kids,,32,19,19,21,24,40,43,11,5.5,0,13,0,13,,,,
PO-KOLKATA(Madhyamgram) CA,PO-KOLKATA(Madhyamgram)CarreraFrame,CA,Frame,PO-KOLKATA(Madhyamgram),SIS,A,CA,Lifestyle,Safilo,Carrera,,16,11,11,0,0,11,11,2,1,0,5,0,5,,,,
PO-KOLKATA(Madhyamgram) FC,PO-KOLKATA(Madhyamgram)French ConnectionFrame,FC,Frame,PO-KOLKATA(Madhyamgram),SIS,A,FC,Fast Fashion,Sterling,French Connection,,16,13,13,0,0,13,13,2,1,0,3,0,3,,,,
PO-KOLKATA(Madhyamgram) PC,PO-KOLKATA(Madhyamgram)Pierre CardinFrame,PC,Frame,PO-KOLKATA(Madhyamgram),SIS,A,PC,Fast Fashion,Safilo,Pierre Cardin,,16,13,13,0,0,13,13,1,0.5,0,3,0,3,,,,
PO-KOLKATA(Madhyamgram) RX,PO-KOLKATA(Madhyamgram)RaybanFrame,RX,Frame,PO-KOLKATA(Madhyamgram),SIS,A,RX,Lifestyle,Luxottica,Rayban,,28,22,22,0,0,22,22,6,3,0,6,0,6,,,,
PO-KOLKATA(Madhyamgram) TH,PO-KOLKATA(Madhyamgram)Tommy HilfigerFrame,TH,Frame,PO-KOLKATA(Madhyamgram),SIS,A,TH,Lifestyle,Sterling,Tommy Hilfiger,,28,20,20,0,0,20,20,1,0.5,0,8,0,8,,,,
PO-KOLKATA(Madhyamgram) VO,PO-KOLKATA(Madhyamgram)VogueFrame,VO,Frame,PO-KOLKATA(Madhyamgram),SIS,A,VO,Fast Fashion,Luxottica,Vogue,,28,24,24,0,0,24,24,8,4,0,4,0,4,,,,
PO-MALVIYA NAGAR AD,PO-MALVIYA NAGARAdmyraFrame,AD,Frame,PO-MALVIYA NAGAR,Retail,A+,AD,Private Labels,Private Labels,Admyra,60,140,276,363,160,161,436,524,39,19.5,87,-136,-48,-184,Star,,,
PO-MALVIYA NAGAR AV,PO-MALVIYA NAGARAvantaFrame,AV,Frame,PO-MALVIYA NAGAR,Retail,A+,AV,Private Labels,Private Labels,Avanta,48,112,104,107,70,72,174,179,40,20,3,8,37,45,Star,,,
PO-MALVIYA NAGAR AV-K,PO-MALVIYA NAGARAvanta KidsFrame,AV-K,Frame,PO-MALVIYA NAGAR,Retail,A+,AV-K,Private Labels,Private Labels,Avanta Kids,12,28,14,14,17,18,31,32,1,0.5,0,14,1,15,Star,,,
PO-MALVIYA NAGAR AX,PO-MALVIYA NAGARArmani ExchangeFrame,AX,Frame,PO-MALVIYA NAGAR,Retail,A+,AX,Fast Fashion,Alankar,Armani Exchange,3,12,3,3,0,0,3,3,0,0,0,9,0,9,Star,,,
PO-MALVIYA NAGAR BE-O,PO-MALVIYA NAGARBurberryFrame,BE-O,Frame,PO-MALVIYA NAGAR,Retail,A+,BE-O,Luxury,Luxottica,Burberry,,15,0,0,0,0,0,0,0,0,0,15,0,15,Star,,,
PO-MALVIYA NAGAR BE-S,PO-MALVIYA NAGARBurberrySunglass,BE-S,Sunglass,PO-MALVIYA NAGAR,Retail,A+,BE-S,Luxury,Luxottica,Burberry,,15,0,0,0,0,0,0,0,0,0,15,0,15,Star,,,
PO-MALVIYA NAGAR CA,PO-MALVIYA NAGARCarreraFrame,CA,Frame,PO-MALVIYA NAGAR,Retail,A+,CA,Lifestyle,Safilo,Carrera,6,32,19,20,0,0,19,20,2,1,1,13,1,14,Star,,,
PO-MALVIYA NAGAR CA-S,PO-MALVIYA NAGARCarreraSunglass,CA-S,Sunglass,PO-MALVIYA NAGAR,Retail,A+,CA-S,Lifestyle,Safilo,Carrera,6,32,3,3,0,0,3,3,0,0,0,29,0,29,Star,,,
PO-MALVIYA NAGAR EA,PO-MALVIYA NAGAREmporio ArmaniFrame,EA,Frame,PO-MALVIYA NAGAR,Retail,A+,EA,Premium Fashion,Luxottica,Emporio Armani,,15,0,0,0,0,0,0,0,0,0,15,0,15,Star,,,
PO-MALVIYA NAGAR EA-S,PO-MALVIYA NAGAREmporio ArmaniSunglass,EA-S,Sunglass,PO-MALVIYA NAGAR,Retail,A+,EA-S,Premium Fashion,Luxottica,Emporio Armani,,15,0,0,0,0,0,0,2,1,0,15,0,15,Star,,,
PO-MALVIYA NAGAR FC,PO-MALVIYA NAGARFrench ConnectionFrame,FC,Frame,PO-MALVIYA NAGAR,Retail,A+,FC,Fast Fashion,Sterling,French Connection,9,36,9,9,0,0,9,9,4,2,0,27,4,31,Star,,,
PO-MALVIYA NAGAR FO,PO-MALVIYA NAGARFossilFrame,FO,Frame,PO-MALVIYA NAGAR,Retail,A+,FO,Fast Fashion,Framing Network,Fossil,6,24,0,0,0,0,0,0,0,0,0,24,0,24,Star,,,
PO-MALVIYA NAGAR ID-S,PO-MALVIYA NAGARIdeeSunglass,ID-S,Sunglass,PO-MALVIYA NAGAR,Retail,A+,ID-S,Fast Fashion,Ronak Optics,Idee,18,42,19,19,0,0,19,19,7,3.5,0,23,7,30,Star,,,
PO-MALVIYA NAGAR OB,PO-MALVIYA NAGAROmbraSunglass,OB,Sunglass,PO-MALVIYA NAGAR,Retail,A+,OB,Private Labels,Private Labels,Ombra,12,28,21,33,0,0,21,33,0,0,12,7,-12,-5,Star,,,
PO-MALVIYA NAGAR OX,PO-MALVIYA NAGAROakleyFrame,OX,Frame,PO-MALVIYA NAGAR,Retail,A+,OX,Sport,Luxottica,Oakley,,15,12,12,0,0,12,12,0,0,0,3,0,3,Star,,,
PO-MALVIYA NAGAR PC,PO-MALVIYA NAGARPierre CardinFrame,PC,Frame,PO-MALVIYA NAGAR,Retail,A+,PC,Fast Fashion,Safilo,Pierre Cardin,3,20,14,14,0,0,14,14,2,1,0,6,2,8,Star,,,
PO-MALVIYA NAGAR PR,PO-MALVIYA NAGARPradaFrame,PR,Frame,PO-MALVIYA NAGAR,Retail,A+,PR,Luxury,Luxottica,Prada,,15,0,0,0,0,0,0,0,0,0,15,0,15,Star,,,
PO-MALVIYA NAGAR PR-S,PO-MALVIYA NAGARPradaSunglass,PR-S,Sunglass,PO-MALVIYA NAGAR,Retail,A+,PR-S,Luxury,Luxottica,Prada,,15,0,0,0,0,0,0,0,0,0,15,0,15,Star,,,
PO-MALVIYA NAGAR RB,PO-MALVIYA NAGARRaybanSunglass,RB,Sunglass,PO-MALVIYA NAGAR,Retail,A+,RB,Lifestyle,Luxottica,Rayban,9,44,16,16,0,0,16,16,6,3,0,28,6,34,Star,,,
PO-MALVIYA NAGAR RX,PO-MALVIYA NAGARRaybanFrame,RX,Frame,PO-MALVIYA NAGAR,Retail,A+,RX,Lifestyle,Luxottica,Rayban,9,44,14,14,0,0,14,14,4,2,0,30,4,34,Star,,,
PO-MALVIYA NAGAR TH,PO-MALVIYA NAGARTommy HilfigerFrame,TH,Frame,PO-MALVIYA NAGAR,Retail,A+,TH,Lifestyle,Sterling,Tommy Hilfiger,6,24,14,14,0,0,14,14,2,1,0,10,2,12,Star,,,
PO-MALVIYA NAGAR VO,PO-MALVIYA NAGARVogueFrame,VO,Frame,PO-MALVIYA NAGAR,Retail,A+,VO,Fast Fashion,Luxottica,Vogue,6,32,5,5,0,0,5,5,2,1,0,27,2,29,Star,,,
PO-MALVIYA NAGAR VO-S,PO-MALVIYA NAGARVogueSunglass,VO-S,Sunglass,PO-MALVIYA NAGAR,Retail,A+,VO-S,Fast Fashion,Luxottica,Vogue,6,24,0,0,0,0,0,0,0,0,0,24,0,24,Star,,,
PO-MORADABAD AD,PO-MORADABADAdmyraFrame,AD,Frame,PO-MORADABAD,SIS,B,AD,Private Labels,Private Labels,Admyra,,97,136,136,51,52,187,188,6,3,0,-39,0,-39,,,,
PO-MORADABAD AV,PO-MORADABADAvantaFrame,AV,Frame,PO-MORADABAD,SIS,B,AV,Private Labels,Private Labels,Avanta,,220,125,133,188,248,313,381,45,22.5,8,95,0,95,,,,
PO-MORADABAD AV-K,PO-MORADABADAvanta KidsFrame,AV-K,Frame,PO-MORADABAD,SIS,B,AV-K,Private Labels,Private Labels,Avanta Kids,,25,10,10,24,25,34,35,0,0,0,15,0,15,,,,
PO-NEORETINA AD,PO-NEORETINAAdmyraFrame,AD,Frame,PO-NEORETINA,SIS,B+,AD,Private Labels,Private Labels,Admyra,,57,196,204,46,49,242,253,17,8.5,8,-139,0,-139,Star,,,
PO-NEORETINA AV,PO-NEORETINAAvantaFrame,AV,Frame,PO-NEORETINA,SIS,B+,AV,Private Labels,Private Labels,Avanta,,65,81,87,114,138,195,225,55,27.5,6,-16,0,-16,Star,,,
PO-NEORETINA AV-K,PO-NEORETINAAvanta KidsFrame,AV-K,Frame,PO-NEORETINA,SIS,B+,AV-K,Private Labels,Private Labels,Avanta Kids,,20,12,13,34,36,46,49,3,1.5,1,8,0,8,Star,,,
PO-NEORETINA RX,PO-NEORETINARaybanFrame,RX,Frame,PO-NEORETINA,SIS,B+,RX,Lifestyle,Luxottica,Rayban,,30,11,11,0,0,11,11,2,1,0,19,0,19,Star,,,
PO-NEORETINA VO,PO-NEORETINAVogueFrame,VO,Frame,PO-NEORETINA,SIS,B+,VO,Fast Fashion,Luxottica,Vogue,,20,12,12,0,0,12,12,2,1,0,8,0,8,Star,,,
PO-NOIDA AD,PO-NOIDAAdmyraFrame,AD,Frame,PO-NOIDA,Retail,A+,AD,Private Labels,Private Labels,Admyra,,96,234,260,84,88,318,348,48,24,26,-138,0,-138,,,,
PO-NOIDA AV,PO-NOIDAAvantaFrame,AV,Frame,PO-NOIDA,Retail,A+,AV,Private Labels,Private Labels,Avanta,,224,85,88,61,68,146,156,59,29.5,3,139,0,139,,,,
PO-NOIDA CA,PO-NOIDACarreraFrame,CA,Frame,PO-NOIDA,Retail,A+,CA,Lifestyle,Safilo,Carrera,,21,19,20,0,0,19,20,2,1,1,2,0,2,,,,
PO-NOIDA FC,PO-NOIDAFrench ConnectionFrame,FC,Frame,PO-NOIDA,Retail,A+,FC,Fast Fashion,Sterling,French Connection,,14,11,11,0,0,11,11,3,1.5,0,3,0,3,,,,
PO-NOIDA ID-S,PO-NOIDAIdeeSunglass,ID-S,Sunglass,PO-NOIDA,Retail,A+,ID-S,Fast Fashion,Ronak Optics,Idee,,24,23,25,0,0,23,25,9,4.5,2,1,0,1,,,,
PO-NOIDA OB,PO-NOIDAOmbraSunglass,OB,Sunglass,PO-NOIDA,Retail,A+,OB,Private Labels,Private Labels,Ombra,,16,21,21,0,0,21,21,0,0,0,-5,0,-5,,,,
PO-NOIDA OX,PO-NOIDAOakleyFrame,OX,Frame,PO-NOIDA,Retail,A+,OX,Sport,Luxottica,Oakley,,14,15,16,0,0,15,16,4,2,1,-1,0,-1,,,,
PO-NOIDA PC,PO-NOIDAPierre CardinFrame,PC,Frame,PO-NOIDA,Retail,A+,PC,Fast Fashion,Safilo,Pierre Cardin,,14,16,16,0,0,16,16,3,1.5,0,-2,0,-2,,,,
PO-NOIDA RB,PO-NOIDARaybanSunglass,RB,Sunglass,PO-NOIDA,Retail,A+,RB,Lifestyle,Luxottica,Rayban,,40,34,36,0,0,34,36,6,3,2,6,0,6,,,,
PO-NOIDA RX,PO-NOIDARaybanFrame,RX,Frame,PO-NOIDA,Retail,A+,RX,Lifestyle,Luxottica,Rayban,,42,29,29,0,0,29,29,14,7,0,13,0,13,,,,
PO-NOIDA TH,PO-NOIDATommy HilfigerFrame,TH,Frame,PO-NOIDA,Retail,A+,TH,Lifestyle,Sterling,Tommy Hilfiger,,28,27,27,0,0,27,27,3,1.5,0,1,0,1,,,,
PO-NOIDA VO,PO-NOIDAVogueFrame,VO,Frame,PO-NOIDA,Retail,A+,VO,Fast Fashion,Luxottica,Vogue,,21,15,15,0,0,15,15,16,8,0,6,0,6,,,,
PO-NOIDA(GCM) AD,PO-NOIDA(GCM)AdmyraFrame,AD,Frame,PO-NOIDA(GCM),Retail,A+,AD,Private Labels,Private Labels,Admyra,102,238,219,224,40,40,259,264,57,28.5,5,19,52,71,,,,
PO-NOIDA(GCM) AV,PO-NOIDA(GCM)AvantaFrame,AV,Frame,PO-NOIDA(GCM),Retail,A+,AV,Private Labels,Private Labels,Avanta,90,210,184,187,51,59,235,246,81,40.5,3,26,78,104,,,,
PO-NOIDA(GCM) AV-K,PO-NOIDA(GCM)Avanta KidsFrame,AV-K,Frame,PO-NOIDA(GCM),Retail,A+,AV-K,Private Labels,Private Labels,Avanta Kids,18,42,32,32,5,7,37,39,5,2.5,0,10,5,15,,,,
PO-NOIDA(GCM) BE-O,PO-NOIDA(GCM)BurberryFrame,BE-O,Frame,PO-NOIDA(GCM),Retail,A+,BE-O,Luxury,Luxottica,Burberry,9,44,41,44,0,0,41,44,1,0.5,3,3,-2,1,,,,
PO-NOIDA(GCM) BE-S,PO-NOIDA(GCM)BurberrySunglass,BE-S,Sunglass,PO-NOIDA(GCM),Retail,A+,BE-S,Luxury,Luxottica,Burberry,6,24,10,10,0,0,10,10,0,0,0,14,0,14,,,,
PO-NOIDA(GCM) CA,PO-NOIDA(GCM)CarreraFrame,CA,Frame,PO-NOIDA(GCM),Retail,A+,CA,Lifestyle,Safilo,Carrera,6,24,25,25,0,0,25,25,5,2.5,0,-1,5,4,,,,
PO-NOIDA(GCM) CA-S,PO-NOIDA(GCM)CarreraSunglass,CA-S,Sunglass,PO-NOIDA(GCM),Retail,A+,CA-S,Lifestyle,Safilo,Carrera,6,24,0,0,0,0,0,0,0,0,0,24,0,24,,,,
PO-NOIDA(GCM) EA,PO-NOIDA(GCM)Emporio ArmaniFrame,EA,Frame,PO-NOIDA(GCM),Retail,A+,EA,Premium Fashion,Luxottica,Emporio Armani,6,32,30,33,0,0,30,33,3,1.5,3,2,0,2,,,,
PO-NOIDA(GCM) EA-S,PO-NOIDA(GCM)Emporio ArmaniSunglass,EA-S,Sunglass,PO-NOIDA(GCM),Retail,A+,EA-S,Premium Fashion,Luxottica,Emporio Armani,6,24,16,25,0,0,16,25,3,1.5,9,8,-6,2,,,,
PO-NOIDA(GCM) FC,PO-NOIDA(GCM)French ConnectionFrame,FC,Frame,PO-NOIDA(GCM),Retail,A+,FC,Fast Fashion,Sterling,French Connection,9,36,28,34,0,0,28,34,10,5,6,8,4,12,,,,
PO-NOIDA(GCM) FC-S,PO-NOIDA(GCM)French ConnectionSunglass,FC-S,Sunglass,PO-NOIDA(GCM),Retail,A+,FC-S,Fast Fashion,Sterling,French Connection,3,20,0,0,0,0,0,0,0,0,0,20,0,20,,,,
PO-NOIDA(GCM) HB,PO-NOIDA(GCM)Hugo BossFrame,HB,Frame,PO-NOIDA(GCM),Retail,A+,HB,Luxury,Safilo,Hugo Boss,6,24,8,8,0,0,8,8,1,0.5,0,16,1,17,,,,
PO-NOIDA(GCM) ID-S,PO-NOIDA(GCM)IdeeSunglass,ID-S,Sunglass,PO-NOIDA(GCM),Retail,A+,ID-S,Fast Fashion,Ronak Optics,Idee,18,42,24,32,0,0,24,32,25,12.5,8,18,17,35,,,,
PO-NOIDA(GCM) OB,PO-NOIDA(GCM)OmbraSunglass,OB,Sunglass,PO-NOIDA(GCM),Retail,A+,OB,Private Labels,Private Labels,Ombra,12,28,21,33,0,0,21,33,0,0,12,7,-12,-5,,,,
PO-NOIDA(GCM) OX,PO-NOIDA(GCM)OakleyFrame,OX,Frame,PO-NOIDA(GCM),Retail,A+,OX,Sport,Luxottica,Oakley,6,32,12,12,0,0,12,12,3,1.5,0,20,3,23,,,,
PO-NOIDA(GCM) PC,PO-NOIDA(GCM)Pierre CardinFrame,PC,Frame,PO-NOIDA(GCM),Retail,A+,PC,Fast Fashion,Safilo,Pierre Cardin,6,32,17,17,0,0,17,17,2,1,0,15,2,17,,,,
PO-NOIDA(GCM) PR,PO-NOIDA(GCM)PradaFrame,PR,Frame,PO-NOIDA(GCM),Retail,A+,PR,Luxury,Luxottica,Prada,6,24,21,21,0,0,21,21,0,0,0,3,0,3,,,,
PO-NOIDA(GCM) PS-S,PO-NOIDA(GCM)PradaSunglass,PS-S,Sunglass,PO-NOIDA(GCM),Retail,A+,PS-S,Luxury,Luxottica,Prada,3,20,11,11,0,0,11,11,0,0,0,9,0,9,,,,
PO-NOIDA(GCM) RB,PO-NOIDA(GCM)RaybanSunglass,RB,Sunglass,PO-NOIDA(GCM),Retail,A+,RB,Lifestyle,Luxottica,Rayban,15,68,49,66,0,0,49,66,25,12.5,17,19,8,27,,,,
PO-NOIDA(GCM) RX,PO-NOIDA(GCM)RaybanFrame,RX,Frame,PO-NOIDA(GCM),Retail,A+,RX,Lifestyle,Luxottica,Rayban,15,68,53,59,0,0,53,59,7,3.5,6,15,1,16,,,,
PO-NOIDA(GCM) SI,PO-NOIDA(GCM)SilhouetteFrame,SI,Frame,PO-NOIDA(GCM),Retail,A+,SI,Luxury,Optimed,Silhouette,3,12,0,0,0,0,0,0,0,0,0,12,0,12,,,,
PO-NOIDA(GCM) TH,PO-NOIDA(GCM)Tommy HilfigerFrame,TH,Frame,PO-NOIDA(GCM),Retail,A+,TH,Lifestyle,Sterling,Tommy Hilfiger,9,44,37,45,0,0,37,45,12,6,8,7,4,11,,,,
PO-NOIDA(GCM) VO,PO-NOIDA(GCM)VogueFrame,VO,Frame,PO-NOIDA(GCM),Retail,A+,VO,Fast Fashion,Luxottica,Vogue,9,36,26,31,0,0,26,31,9,4.5,5,10,4,14,,,,
PO-NOIDA(GCM) VO-S,PO-NOIDA(GCM)VogueSunglass,VO-S,Sunglass,PO-NOIDA(GCM),Retail,A+,VO-S,Fast Fashion,Luxottica,Vogue,6,24,19,19,0,0,19,19,6,3,0,5,6,11,,,,
PO-NOIDA(MOI) AD,PO-NOIDA(MOI)AdmyraFrame,AD,Frame,PO-NOIDA(MOI),Retail,A+,AD,Private Labels,Private Labels,Admyra,60,140,216,250,153,155,369,405,41,20.5,34,-76,7,-69,,,,
PO-NOIDA(MOI) AV,PO-NOIDA(MOI)AvantaFrame,AV,Frame,PO-NOIDA(MOI),Retail,A+,AV,Private Labels,Private Labels,Avanta,30,128,92,93,176,176,268,269,40,20,1,36,30,66,,,,
PO-NOIDA(MOI) AV-K,PO-NOIDA(MOI)Avanta KidsFrame,AV-K,Frame,PO-NOIDA(MOI),Retail,A+,AV-K,Private Labels,Private Labels,Avanta Kids,18,24,22,22,42,48,64,70,1,0.5,0,2,1,3,,,,
PO-NOIDA(MOI) BE-O,PO-NOIDA(MOI)BurberryFrame,BE-O,Frame,PO-NOIDA(MOI),Retail,A+,BE-O,Luxury,Luxottica,Burberry,6,24,30,33,0,0,30,33,5,2.5,3,-6,2,-4,,,,
PO-NOIDA(MOI) BE-S,PO-NOIDA(MOI)BurberrySunglass,BE-S,Sunglass,PO-NOIDA(MOI),Retail,A+,BE-S,Luxury,Luxottica,Burberry,6,24,10,10,0,0,10,10,0,0,0,14,0,14,,,,
PO-NOIDA(MOI) CA,PO-NOIDA(MOI)CarreraFrame,CA,Frame,PO-NOIDA(MOI),Retail,A+,CA,Lifestyle,Safilo,Carrera,3,20,15,16,0,0,15,16,9,4.5,1,5,3,8,,,,
PO-NOIDA(MOI) CA-S,PO-NOIDA(MOI)CarreraSunglass,CA-S,Sunglass,PO-NOIDA(MOI),Retail,A+,CA-S,Lifestyle,Safilo,Carrera,3,20,3,3,0,0,3,3,3,1.5,0,17,3,20,,,,
PO-NOIDA(MOI) EA,PO-NOIDA(MOI)Emporio ArmaniFrame,EA,Frame,PO-NOIDA(MOI),Retail,A+,EA,Premium Fashion,Luxottica,Emporio Armani,3,12,17,19,0,0,17,19,3,1.5,2,-5,1,-4,,,,
PO-NOIDA(MOI) EA-S,PO-NOIDA(MOI)Emporio ArmaniSunglass,EA-S,Sunglass,PO-NOIDA(MOI),Retail,A+,EA-S,Premium Fashion,Luxottica,Emporio Armani,6,24,14,15,0,0,14,15,4,2,1,10,3,13,,,,
PO-NOIDA(MOI) FC,PO-NOIDA(MOI)French ConnectionFrame,FC,Frame,PO-NOIDA(MOI),Retail,A+,FC,Fast Fashion,Sterling,French Connection,12,28,25,31,0,0,25,31,15,7.5,6,3,9,12,,,,
PO-NOIDA(MOI) FC-S,PO-NOIDA(MOI)French ConnectionSunglass,FC-S,Sunglass,PO-NOIDA(MOI),Retail,A+,FC-S,Fast Fashion,Sterling,French Connection,3,12,0,0,0,0,0,0,0,0,0,12,0,12,,,,
PO-NOIDA(MOI) ID-S,PO-NOIDA(MOI)IdeeSunglass,ID-S,Sunglass,PO-NOIDA(MOI),Retail,A+,ID-S,Fast Fashion,Ronak Optics,Idee,9,44,23,32,0,0,23,32,24,12,9,21,9,30,,,,
PO-NOIDA(MOI) OB,PO-NOIDA(MOI)OmbraSunglass,OB,Sunglass,PO-NOIDA(MOI),Retail,A+,OB,Private Labels,Private Labels,Ombra,6,24,21,27,0,0,21,27,0,0,6,3,-6,-3,,,,
PO-NOIDA(MOI) OX,PO-NOIDA(MOI)OakleyFrame,OX,Frame,PO-NOIDA(MOI),Retail,A+,OX,Sport,Luxottica,Oakley,6,14,6,6,0,0,6,6,11,5.5,0,8,6,14,,,,
PO-NOIDA(MOI) PC,PO-NOIDA(MOI)Pierre CardinFrame,PC,Frame,PO-NOIDA(MOI),Retail,A+,PC,Fast Fashion,Safilo,Pierre Cardin,3,20,13,13,0,0,13,13,5,2.5,0,7,3,10,,,,
PO-NOIDA(MOI) PR,PO-NOIDA(MOI)PradaFrame,PR,Frame,PO-NOIDA(MOI),Retail,A+,PR,Luxury,Luxottica,Prada,3,20,21,21,0,0,21,21,0,0,0,-1,0,-1,,,,
PO-NOIDA(MOI) PR-S,PO-NOIDA(MOI)PradaSunglass,PR-S,Sunglass,PO-NOIDA(MOI),Retail,A+,PR-S,Luxury,Luxottica,Prada,3,20,9,9,0,0,9,9,0,0,0,11,0,11,,,,
PO-NOIDA(MOI) PS,PO-NOIDA(MOI)PradaFrame,PS,Frame,PO-NOIDA(MOI),Retail,A+,PS,Luxury,Luxottica,Prada,3,12,21,21,0,0,21,21,0,0,0,-9,0,-9,,,,
PO-NOIDA(MOI) RB,PO-NOIDA(MOI)RaybanSunglass,RB,Sunglass,PO-NOIDA(MOI),Retail,A+,RB,Lifestyle,Luxottica,Rayban,15,68,58,67,0,0,58,67,42,21,9,10,15,25,,,,
PO-NOIDA(MOI) RX,PO-NOIDA(MOI)RaybanFrame,RX,Frame,PO-NOIDA(MOI),Retail,A+,RX,Lifestyle,Luxottica,Rayban,12,48,38,46,0,0,38,46,21,10.5,8,10,12,22,,,,
PO-NOIDA(MOI) SI,PO-NOIDA(MOI)SilhouetteFrame,SI,Frame,PO-NOIDA(MOI),Retail,A+,SI,Luxury,Optimed,Silhouette,3,20,9,9,0,0,9,9,2,1,0,11,2,13,,,,
PO-NOIDA(MOI) TH,PO-NOIDA(MOI)Tommy HilfigerFrame,TH,Frame,PO-NOIDA(MOI),Retail,A+,TH,Lifestyle,Sterling,Tommy Hilfiger,12,48,41,49,0,0,41,49,14,7,8,7,6,13,,,,
PO-NOIDA(MOI) VO,PO-NOIDA(MOI)VogueFrame,VO,Frame,PO-NOIDA(MOI),Retail,A+,VO,Fast Fashion,Luxottica,Vogue,12,28,24,30,0,0,24,30,11,5.5,6,4,5,9,,,,
PO-NOIDA(MOI) VO-S,PO-NOIDA(MOI)VogueSunglass,VO-S,Sunglass,PO-NOIDA(MOI),Retail,A+,VO-S,Fast Fashion,Luxottica,Vogue,6,24,21,21,0,0,21,21,0,0,0,3,0,3,,,,
PO-NOIDA(MOI) GC,PO-NOIDA(MOI)GucciFrame,GC,Frame,PO-NOIDA(MOI),Retail,A+,GC,Luxury,Kering,Gucci,6,24,0,0,0,0,0,0,0,0,0,24,0,24,,,,
PO-NOIDA(MOI) FT,PO-NOIDA(MOI)Tom FordFrame,FT,Frame,PO-NOIDA(MOI),Retail,A+,FT,Luxury,Astra,Tom Ford,6,24,0,0,0,0,0,0,0,0,0,24,0,24,,,,
PO-PASCHIM VIHAR AD,PO-PASCHIM VIHARAdmyraFrame,AD,Frame,PO-PASCHIM VIHAR,SIS,B,AD,Private Labels,Private Labels,Admyra,,,180,183,35,35,215,218,5,2.5,3,-180,0,-180,,,,
PO-PASCHIM VIHAR AV,PO-PASCHIM VIHARAvantaFrame,AV,Frame,PO-PASCHIM VIHAR,SIS,B,AV,Private Labels,Private Labels,Avanta,,,145,148,144,192,289,340,17,8.5,3,-145,0,-145,,,,
PO-PASCHIM VIHAR AV-K,PO-PASCHIM VIHARAvanta KidsFrame,AV-K,Frame,PO-PASCHIM VIHAR,SIS,B,AV-K,Private Labels,Private Labels,Avanta Kids,,,17,17,18,21,35,38,0,0,0,-17,0,-17,,,,
PO-PATNA AD,PO-PATNAAdmyraFrame,AD,Frame,PO-PATNA,SIS,A,AD,Private Labels,Private Labels,Admyra,,144,160,160,28,29,188,189,87,43.5,0,-16,0,-16,,,,
PO-PATNA AV,PO-PATNAAvantaFrame,AV,Frame,PO-PATNA,SIS,A,AV,Private Labels,Private Labels,Avanta,,192,90,94,86,106,176,200,142,71,4,102,0,102,,,,
PO-PATNA AV-K,PO-PATNAAvanta KidsFrame,AV-K,Frame,PO-PATNA,SIS,A,AV-K,Private Labels,Private Labels,Avanta Kids,,32,9,9,21,25,30,34,15,7.5,0,23,0,23,,,,
PO-PATNA CA,PO-PATNACarreraFrame,CA,Frame,PO-PATNA,SIS,A,CA,Lifestyle,Safilo,Carrera,,16,9,9,0,0,9,9,4,2,0,7,0,7,,,,
PO-PATNA FC,PO-PATNAFrench ConnectionFrame,FC,Frame,PO-PATNA,SIS,A,FC,Fast Fashion,Sterling,French Connection,,15,12,12,0,0,12,12,2,1,0,3,0,3,,,,
PO-PATNA PC,PO-PATNAPierre CardinFrame,PC,Frame,PO-PATNA,SIS,A,PC,Fast Fashion,Safilo,Pierre Cardin,,16,9,9,0,0,9,9,6,3,0,7,0,7,,,,
PO-PATNA RX,PO-PATNARaybanFrame,RX,Frame,PO-PATNA,SIS,A,RX,Lifestyle,Luxottica,Rayban,,24,19,19,0,0,19,19,7,3.5,0,5,0,5,,,,
PO-PATNA TH,PO-PATNATommy HilfigerFrame,TH,Frame,PO-PATNA,SIS,A,TH,Lifestyle,Sterling,Tommy Hilfiger,,19,15,17,0,0,15,17,7,3.5,2,4,0,4,,,,
PO-PATNA VO,PO-PATNAVogueFrame,VO,Frame,PO-PATNA,SIS,A,VO,Fast Fashion,Luxottica,Vogue,,15,18,18,0,0,18,18,7,3.5,0,-3,0,-3,,,,
PO-PREET VIHAR2 AD,PO-PREET VIHAR2AdmyraFrame,AD,Frame,PO-PREET VIHAR2,SIS,A,AD,Private Labels,Private Labels,Admyra,6,312,235,257,50,54,285,311,96,48,22,77,6,83,Star,,,
PO-PREET VIHAR2 AV,PO-PREET VIHAR2AvantaFrame,AV,Frame,PO-PREET VIHAR2,SIS,A,AV,Private Labels,Private Labels,Avanta,,252,169,196,102,130,271,326,228,114,27,83,0,83,Star,,,
PO-PREET VIHAR2 AV-K,PO-PREET VIHAR2Avanta KidsFrame,AV-K,Frame,PO-PREET VIHAR2,SIS,A,AV-K,Private Labels,Private Labels,Avanta Kids,,28,35,40,29,40,64,80,49,24.5,5,-7,0,-7,Star,,,
PO-PREET VIHAR2 AX,PO-PREET VIHAR2Armani ExchangeFrame,AX,Frame,PO-PREET VIHAR2,SIS,A,AX,Fast Fashion,Alankar,Armani Exchange,3,12,4,4,0,0,4,4,0,0,0,8,0,8,Star,,,
PO-PREET VIHAR2 BE-O,PO-PREET VIHAR2BurberryFrame,BE-O,Frame,PO-PREET VIHAR2,SIS,A,BE-O,Luxury,Luxottica,Burberry,3,12,0,0,0,0,0,0,0,0,0,12,0,12,Star,,,
PO-PREET VIHAR2 CA,PO-PREET VIHAR2CarreraFrame,CA,Frame,PO-PREET VIHAR2,SIS,A,CA,Lifestyle,Safilo,Carrera,8,16,12,12,0,0,12,12,4,2,0,4,4,8,Star,,,
PO-PREET VIHAR2 EA,PO-PREET VIHAR2Emporio ArmaniFrame,EA,Frame,PO-PREET VIHAR2,SIS,A,EA,Premium Fashion,Luxottica,Emporio Armani,3,12,8,8,0,0,8,8,2,1,0,4,2,6,Star,,,
PO-PREET VIHAR2 FC,PO-PREET VIHAR2French ConnectionFrame,FC,Frame,PO-PREET VIHAR2,SIS,A,FC,Fast Fashion,Sterling,French Connection,8,16,15,16,0,0,15,16,4,2,1,1,3,4,Star,,,
PO-PREET VIHAR2 HB,PO-PREET VIHAR2Hugo BossFrame,HB,Frame,PO-PREET VIHAR2,SIS,A,HB,Luxury,Safilo,Hugo Boss,3,20,0,0,0,0,0,0,0,0,0,20,0,20,Star,,,
PO-PREET VIHAR2 OX,PO-PREET VIHAR2OakleyFrame,OX,Frame,PO-PREET VIHAR2,SIS,A,OX,Sport,Luxottica,Oakley,,15,0,0,0,0,0,0,0,0,0,15,0,15,Star,,,
PO-PREET VIHAR2 PC,PO-PREET VIHAR2Pierre CardinFrame,PC,Frame,PO-PREET VIHAR2,SIS,A,PC,Fast Fashion,Safilo,Pierre Cardin,6,24,10,10,0,0,10,10,7,3.5,0,14,6,20,Star,,,
PO-PREET VIHAR2 PR,PO-PREET VIHAR2PradaFrame,PR,Frame,PO-PREET VIHAR2,SIS,A,PR,Luxury,Luxottica,Prada,3,12,0,0,0,0,0,0,0,0,0,12,0,12,Star,,,
PO-PREET VIHAR2 RX,PO-PREET VIHAR2RaybanFrame,RX,Frame,PO-PREET VIHAR2,SIS,A,RX,Lifestyle,Luxottica,Rayban,12,24,33,34,0,0,33,34,5,2.5,1,-9,4,-5,Star,,,
PO-PREET VIHAR2 TH,PO-PREET VIHAR2Tommy HilfigerFrame,TH,Frame,PO-PREET VIHAR2,SIS,A,TH,Lifestyle,Sterling,Tommy Hilfiger,7,28,24,24,0,0,24,24,7,3.5,0,4,7,11,Star,,,
PO-PREET VIHAR2 VO,PO-PREET VIHAR2VogueFrame,VO,Frame,PO-PREET VIHAR2,SIS,A,VO,Fast Fashion,Luxottica,Vogue,12,24,15,15,0,0,15,15,11,5.5,0,9,11,20,Star,,,
PO-RAJOURI GARDEN AD,PO-RAJOURI GARDENAdmyraFrame,AD,Frame,PO-RAJOURI GARDEN,SIS,B,AD,Private Labels,Private Labels,Admyra,,75,137,143,27,29,164,172,17,8.5,6,-62,0,-62,,,,
PO-RAJOURI GARDEN AV,PO-RAJOURI GARDENAvantaFrame,AV,Frame,PO-RAJOURI GARDEN,SIS,B,AV,Private Labels,Private Labels,Avanta,,112,91,102,144,195,235,297,47,23.5,11,21,0,21,,,,
PO-RAJOURI GARDEN AV-K,PO-RAJOURI GARDENAvanta KidsFrame,AV-K,Frame,PO-RAJOURI GARDEN,SIS,B,AV-K,Private Labels,Private Labels,Avanta Kids,,25,24,30,37,43,61,73,7,3.5,6,1,0,1,,,,
PO-REWARI AD,PO-REWARIAdmyraFrame,AD,Frame,PO-REWARI,SIS,B,AD,Private Labels,Private Labels,Admyra,,280,251,254,21,22,272,276,17,8.5,3,29,0,29,,,,
PO-REWARI AV,PO-REWARIAvantaFrame,AV,Frame,PO-REWARI,SIS,B,AV,Private Labels,Private Labels,Avanta,,460,84,92,121,172,205,264,114,57,8,376,0,376,,,,
PO-REWARI AV-K,PO-REWARIAvanta KidsFrame,AV-K,Frame,PO-REWARI,SIS,B,AV-K,Private Labels,Private Labels,Avanta Kids,,30,18,18,14,17,32,35,13,6.5,0,12,0,12,,,,
PO-ROHINI AD,PO-ROHINIAdmyraFrame,AD,Frame,PO-ROHINI,SIS,A,AD,Private Labels,Private Labels,Admyra,,112,226,228,25,25,251,253,45,22.5,2,-114,0,-114,Star,,,
PO-ROHINI AV,PO-ROHINIAvantaFrame,AV,Frame,PO-ROHINI,SIS,A,AV,Private Labels,Private Labels,Avanta,,84,86,92,70,89,156,181,174,87,6,-2,0,-2,Star,,,
PO-ROHINI AV-K,PO-ROHINIAvanta KidsFrame,AV-K,Frame,PO-ROHINI,SIS,A,AV-K,Private Labels,Private Labels,Avanta Kids,,28,9,10,22,28,31,38,30,15,1,19,0,19,Star,,,
PO-ROHINI AX,PO-ROHINIArmani ExchangeFrame,AX,Frame,PO-ROHINI,SIS,A,AX,Fast Fashion,Alankar,Armani Exchange,3,20,0,0,0,0,0,0,0,0,0,20,0,20,Star,,,
PO-ROHINI BE-O,PO-ROHINIBurberryFrame,BE-O,Frame,PO-ROHINI,SIS,A,BE-O,Luxury,Luxottica,Burberry,3,12,0,0,0,0,0,0,0,0,0,12,0,12,Star,,,
PO-ROHINI CA,PO-ROHINICarreraFrame,CA,Frame,PO-ROHINI,SIS,A,CA,Lifestyle,Safilo,Carrera,3,20,12,12,0,0,12,12,5,2.5,0,8,3,11,Star,,,
PO-ROHINI EA,PO-ROHINIEmporio ArmaniFrame,EA,Frame,PO-ROHINI,SIS,A,EA,Premium Fashion,Luxottica,Emporio Armani,3,12,0,0,0,0,0,0,1,0.5,0,12,1,13,Star,,,
PO-ROHINI FC,PO-ROHINIFrench ConnectionFrame,FC,Frame,PO-ROHINI,SIS,A,FC,Fast Fashion,Sterling,French Connection,6,24,17,17,0,0,17,17,5,2.5,0,7,5,12,Star,,,
PO-ROHINI OX,PO-ROHINIOakleyFrame,OX,Frame,PO-ROHINI,SIS,A,OX,Sport,Luxottica,Oakley,,15,0,0,0,0,0,0,1,0.5,0,15,0,15,Star,,,
PO-ROHINI PC,PO-ROHINIPierre CardinFrame,PC,Frame,PO-ROHINI,SIS,A,PC,Fast Fashion,Safilo,Pierre Cardin,3,20,7,7,0,0,7,7,5,2.5,0,13,3,16,Star,,,
PO-ROHINI PR,PO-ROHINIPradaFrame,PR,Frame,PO-ROHINI,SIS,A,PR,Luxury,Luxottica,Prada,3,12,0,0,0,0,0,0,0,0,0,12,0,12,Star,,,
PO-ROHINI RX,PO-ROHINIRaybanFrame,RX,Frame,PO-ROHINI,SIS,A,RX,Lifestyle,Luxottica,Rayban,6,30,12,12,0,0,12,12,9,4.5,0,18,6,24,Star,,,
PO-ROHINI TH,PO-ROHINITommy HilfigerFrame,TH,Frame,PO-ROHINI,SIS,A,TH,Lifestyle,Sterling,Tommy Hilfiger,6,24,15,15,0,0,15,15,6,3,0,9,6,15,Star,,,
PO-ROHINI VO,PO-ROHINIVogueFrame,VO,Frame,PO-ROHINI,SIS,A,VO,Fast Fashion,Luxottica,Vogue,5,25,8,8,0,0,8,8,6,3,0,17,5,22,Star,,,
PO-ROHINI7 AD,PO-ROHINI7AdmyraFrame,AD,Frame,PO-ROHINI7,Retail,A+,AD,Private Labels,Private Labels,Admyra,24,98,177,182,0,0,177,182,35,17.5,5,-79,24,-55,,,,
PO-ROHINI7 AV,PO-ROHINI7AvantaFrame,AV,Frame,PO-ROHINI7,Retail,A+,AV,Private Labels,Private Labels,Avanta,27,98,172,174,8,11,180,185,69,34.5,2,-74,27,-47,,,,
PO-ROHINI7 AV-K,PO-ROHINI7Avanta KidsFrame,AV-K,Frame,PO-ROHINI7,Retail,A+,AV-K,Private Labels,Private Labels,Avanta Kids,15,30,39,43,0,0,39,43,6,3,4,-9,2,-7,,,,
PO-ROHINI7 AX,PO-ROHINI7Armani ExchangeFrame,AX,Frame,PO-ROHINI7,Retail,A+,AX,Fast Fashion,Alankar,Armani Exchange,3,12,5,5,0,0,5,5,2,1,0,7,2,9,,,,
PO-ROHINI7 BE-O,PO-ROHINI7BurberryFrame,BE-O,Frame,PO-ROHINI7,Retail,A+,BE-O,Luxury,Luxottica,Burberry,6,32,15,15,0,0,15,15,2,1,0,17,2,19,,,,
PO-ROHINI7 BE-S,PO-ROHINI7BurberrySunglass,BE-S,Sunglass,PO-ROHINI7,Retail,A+,BE-S,Luxury,Luxottica,Burberry,6,16,0,0,0,0,0,0,0,0,0,16,0,16,,,,
PO-ROHINI7 CA,PO-ROHINI7CarreraFrame,CA,Frame,PO-ROHINI7,Retail,A+,CA,Lifestyle,Safilo,Carrera,3,12,25,25,0,0,25,25,2,1,0,-13,2,-11,,,,
PO-ROHINI7 CA-S,PO-ROHINI7CarreraSunglass,CA-S,Sunglass,PO-ROHINI7,Retail,A+,CA-S,Lifestyle,Safilo,Carrera,6,28,0,0,0,0,0,0,0,0,0,28,0,28,,,,
PO-ROHINI7 EA,PO-ROHINI7Emporio ArmaniFrame,EA,Frame,PO-ROHINI7,Retail,A+,EA,Premium Fashion,Luxottica,Emporio Armani,6,24,17,17,0,0,17,17,1,0.5,0,7,1,8,,,,
PO-ROHINI7 EA-S,PO-ROHINI7Emporio ArmaniSunglass,EA-S,Sunglass,PO-ROHINI7,Retail,A+,EA-S,Premium Fashion,Luxottica,Emporio Armani,6,16,0,0,0,0,0,0,3,1.5,0,16,3,19,,,,
PO-ROHINI7 FC,PO-ROHINI7French ConnectionFrame,FC,Frame,PO-ROHINI7,Retail,A+,FC,Fast Fashion,Sterling,French Connection,3,20,16,17,0,0,16,17,1,0.5,1,4,0,4,,,,
PO-ROHINI7 FO,PO-ROHINI7FossilFrame,FO,Frame,PO-ROHINI7,Retail,A+,FO,Fast Fashion,Framing Network,Fossil,3,12,0,0,0,0,0,0,0,0,0,12,0,12,,,,
PO-ROHINI7 HB,PO-ROHINI7Hugo BossFrame,HB,Frame,PO-ROHINI7,Retail,A+,HB,Luxury,Safilo,Hugo Boss,3,20,0,0,0,0,0,0,0,0,0,20,0,20,,,,
PO-ROHINI7 ID-S,PO-ROHINI7IdeeSunglass,ID-S,Sunglass,PO-ROHINI7,Retail,A+,ID-S,Fast Fashion,Ronak Optics,Idee,18,42,12,12,0,0,12,12,4,2,0,30,4,34,,,,
PO-ROHINI7 OB,PO-ROHINI7OmbraSunglass,OB,Sunglass,PO-ROHINI7,Retail,A+,OB,Private Labels,Private Labels,Ombra,12,28,0,0,0,0,0,0,0,0,0,28,0,28,,,,
PO-ROHINI7 PC,PO-ROHINI7Pierre CardinFrame,PC,Frame,PO-ROHINI7,Retail,A+,PC,Fast Fashion,Safilo,Pierre Cardin,3,12,11,12,0,0,11,12,0,0,1,1,-1,0,,,,
PO-ROHINI7 PR,PO-ROHINI7PradaFrame,PR,Frame,PO-ROHINI7,Retail,A+,PR,Luxury,Luxottica,Prada,3,12,12,12,0,0,12,12,0,0,0,0,0,0,,,,
PO-ROHINI7 PR-S,PO-ROHINI7PradaSunglass,PR-S,Sunglass,PO-ROHINI7,Retail,A+,PR-S,Luxury,Luxottica,Prada,3,8,0,0,0,0,0,0,0,0,0,8,0,8,,,,
PO-ROHINI7 PS,PO-ROHINI7PradaFrame,PS,Frame,PO-ROHINI7,Retail,A+,PS,Luxury,Luxottica,Prada,3,12,12,12,0,0,12,12,0,0,0,0,0,0,,,,
PO-ROHINI7 RB,PO-ROHINI7RaybanSunglass,RB,Sunglass,PO-ROHINI7,Retail,A+,RB,Lifestyle,Luxottica,Rayban,9,42,21,21,0,0,21,21,5,2.5,0,21,5,26,,,,
PO-ROHINI7 RX,PO-ROHINI7RaybanFrame,RX,Frame,PO-ROHINI7,Retail,A+,RX,Lifestyle,Luxottica,Rayban,6,24,34,34,0,0,34,34,10,5,0,-10,6,-4,,,,
PO-ROHINI7 TH,PO-ROHINI7Tommy HilfigerFrame,TH,Frame,PO-ROHINI7,Retail,A+,TH,Lifestyle,Sterling,Tommy Hilfiger,3,20,27,28,0,0,27,28,2,1,1,-7,1,-6,,,,
PO-ROHINI7 VO,PO-ROHINI7VogueFrame,VO,Frame,PO-ROHINI7,Retail,A+,VO,Fast Fashion,Luxottica,Vogue,6,24,23,24,0,0,23,24,5,2.5,1,1,4,5,,,,
PO-SAFDARJUNG ENCLAVE AD,PO-SAFDARJUNG ENCLAVEAdmyraFrame,AD,Frame,PO-SAFDARJUNG ENCLAVE,SIS,A++,AD,Private Labels,Private Labels,Admyra,,136,231,240,28,29,259,269,159,79.5,9,-95,0,-95,,,,
PO-SAFDARJUNG ENCLAVE AV,PO-SAFDARJUNG ENCLAVEAvantaFrame,AV,Frame,PO-SAFDARJUNG ENCLAVE,SIS,A++,AV,Private Labels,Private Labels,Avanta,,60,58,61,42,55,100,116,156,78,3,2,0,2,,,,
PO-SAFDARJUNG ENCLAVE BE-O,PO-SAFDARJUNG ENCLAVEBurberryFrame,BE-O,Frame,PO-SAFDARJUNG ENCLAVE,SIS,A++,BE-O,Luxury,Luxottica,Burberry,12,32,34,35,0,0,34,35,4,2,1,-2,3,1,,,,
PO-SAFDARJUNG ENCLAVE EA,PO-SAFDARJUNG ENCLAVEEmporio ArmaniFrame,EA,Frame,PO-SAFDARJUNG ENCLAVE,SIS,A++,EA,Premium Fashion,Luxottica,Emporio Armani,6,20,42,47,0,0,42,47,4,2,5,-22,-1,-23,,,,
PO-SAFDARJUNG ENCLAVE FC,PO-SAFDARJUNG ENCLAVEFrench ConnectionFrame,FC,Frame,PO-SAFDARJUNG ENCLAVE,SIS,A++,FC,Fast Fashion,Sterling,French Connection,12,32,20,25,0,0,20,25,10,5,5,12,5,17,,,,
PO-SAFDARJUNG ENCLAVE FT,PO-SAFDARJUNG ENCLAVETom FordFrame,FT,Frame,PO-SAFDARJUNG ENCLAVE,SIS,A++,FT,Luxury,Astra,Tom Ford,6,15,0,0,0,0,0,0,0,0,0,15,0,15,,,,
PO-SAFDARJUNG ENCLAVE GC,PO-SAFDARJUNG ENCLAVEGucciFrame,GC,Frame,PO-SAFDARJUNG ENCLAVE,SIS,A++,GC,Luxury,Kering,Gucci,5,20,0,0,0,0,0,0,0,0,0,20,0,20,,,,
PO-SAFDARJUNG ENCLAVE MB,PO-SAFDARJUNG ENCLAVEMontblancFrame,MB,Frame,PO-SAFDARJUNG ENCLAVE,SIS,A++,MB,Luxury,Kering,Montblanc,4,10,13,14,0,0,13,14,6,3,1,-3,4,1,,,,
PO-SAFDARJUNG ENCLAVE PR,PO-SAFDARJUNG ENCLAVEPradaFrame,PR,Frame,PO-SAFDARJUNG ENCLAVE,SIS,A++,PR,Luxury,Luxottica,Prada,12,24,24,28,0,0,24,28,10,5,4,0,6,6,,,,
PO-SAFDARJUNG ENCLAVE PS,PO-SAFDARJUNG ENCLAVEPradaFrame,PS,Frame,PO-SAFDARJUNG ENCLAVE,SIS,A++,PS,Luxury,Luxottica,Prada,6,12,24,28,0,0,24,28,10,5,4,-12,6,-6,,,,
PO-SAFDARJUNG ENCLAVE RB,PO-SAFDARJUNG ENCLAVERaybanSunglass,RB,Sunglass,PO-SAFDARJUNG ENCLAVE,SIS,A++,RB,Lifestyle,Luxottica,Rayban,,24,16,24,0,0,16,24,7,3.5,8,8,-1,7,,,,
PO-SAFDARJUNG ENCLAVE RX,PO-SAFDARJUNG ENCLAVERaybanFrame,RX,Frame,PO-SAFDARJUNG ENCLAVE,SIS,A++,RX,Lifestyle,Luxottica,Rayban,12,32,46,57,0,0,46,57,24,12,11,-14,12,-2,,,,
PO-SAFDARJUNG ENCLAVE SI,PO-SAFDARJUNG ENCLAVESilhouetteFrame,SI,Frame,PO-SAFDARJUNG ENCLAVE,SIS,A++,SI,Luxury,Optimed,Silhouette,8,16,5,6,0,0,5,6,9,4.5,1,11,8,19,,,,
PO-SAFDARJUNG ENCLAVE TH,PO-SAFDARJUNG ENCLAVETommy HilfigerFrame,TH,Frame,PO-SAFDARJUNG ENCLAVE,SIS,A++,TH,Lifestyle,Sterling,Tommy Hilfiger,18,36,24,26,0,0,24,26,29,14.5,2,12,18,30,,,,
PO-SAFDARJUNG ENCLAVE VE,PO-SAFDARJUNG ENCLAVEVersaceFrame,VE,Frame,PO-SAFDARJUNG ENCLAVE,SIS,A++,VE,Luxury,Luxottica,Versace,12,24,14,22,0,0,14,22,9,4.5,8,10,1,11,,,,
PO-SAFDARJUNG ENCLAVE VO,PO-SAFDARJUNG ENCLAVEVogueFrame,VO,Frame,PO-SAFDARJUNG ENCLAVE,SIS,A++,VO,Fast Fashion,Luxottica,Vogue,18,36,31,46,0,0,31,46,34,17,15,5,18,23,,,,
PO-SARITA VIHAR AD,PO-SARITA VIHARAdmyraFrame,AD,Frame,PO-SARITA VIHAR,Retail,A,AD,Private Labels,Private Labels,Admyra,,100,146,148,0,0,146,148,1,0.5,2,-46,-1,-47,,,,
PO-SARITA VIHAR AV,PO-SARITA VIHARAvantaFrame,AV,Frame,PO-SARITA VIHAR,Retail,A,AV,Private Labels,Private Labels,Avanta,,70,101,118,2,2,103,120,4,2,17,-31,-13,-44,,,,
PO-SARITA VIHAR AV-K,PO-SARITA VIHARAvanta KidsFrame,AV-K,Frame,PO-SARITA VIHAR,Retail,A,AV-K,Private Labels,Private Labels,Avanta Kids,,30,23,26,0,0,23,26,0,0,3,7,-3,4,,,,
PO-SARITA VIHAR BE-O,PO-SARITA VIHARBurberryFrame,BE-O,Frame,PO-SARITA VIHAR,Retail,A,BE-O,Luxury,Luxottica,Burberry,6,32,26,26,0,0,26,26,0,0,0,6,0,6,,,,
PO-SARITA VIHAR EA,PO-SARITA VIHAREmporio ArmaniFrame,EA,Frame,PO-SARITA VIHAR,Retail,A,EA,Premium Fashion,Luxottica,Emporio Armani,6,24,19,19,0,0,19,19,0,0,0,5,0,5,,,,
PO-SARITA VIHAR FC,PO-SARITA VIHARFrench ConnectionFrame,FC,Frame,PO-SARITA VIHAR,Retail,A,FC,Fast Fashion,Sterling,French Connection,6,24,12,13,0,0,12,13,0,0,1,12,-1,11,,,,
PO-SARITA VIHAR ID-S,PO-SARITA VIHARIdeeSunglass,ID-S,Sunglass,PO-SARITA VIHAR,Retail,A,ID-S,Fast Fashion,Ronak Optics,Idee,,60,32,73,0,0,32,73,0,0,41,28,-41,-13,,,,
PO-SARITA VIHAR OB,PO-SARITA VIHAROmbraSunglass,OB,Sunglass,PO-SARITA VIHAR,Retail,A,OB,Private Labels,Private Labels,Ombra,,40,21,27,0,0,21,27,0,0,6,19,-6,13,,,,
PO-SARITA VIHAR PC,PO-SARITA VIHARPierre CardinFrame,PC,Frame,PO-SARITA VIHAR,Retail,A,PC,Fast Fashion,Safilo,Pierre Cardin,,23,11,21,0,0,11,21,0,0,10,12,-10,2,,,,
PO-SARITA VIHAR RB,PO-SARITA VIHARRaybanSunglass,RB,Sunglass,PO-SARITA VIHAR,Retail,A,RB,Lifestyle,Luxottica,Rayban,15,68,60,69,0,0,60,69,2,1,9,8,-7,1,,,,
PO-SARITA VIHAR RX,PO-SARITA VIHARRaybanFrame,RX,Frame,PO-SARITA VIHAR,Retail,A,RX,Lifestyle,Luxottica,Rayban,9,36,33,33,0,0,33,33,0,0,0,3,0,3,,,,
PO-SARITA VIHAR TH,PO-SARITA VIHARTommy HilfigerFrame,TH,Frame,PO-SARITA VIHAR,Retail,A,TH,Lifestyle,Sterling,Tommy Hilfiger,6,32,33,39,0,0,33,39,0,0,6,-1,-6,-7,,,,
PO-SARITA VIHAR VO,PO-SARITA VIHARVogueFrame,VO,Frame,PO-SARITA VIHAR,Retail,A,VO,Fast Fashion,Luxottica,Vogue,6,24,26,28,0,0,26,28,1,0.5,2,-2,-1,-3,,,,
PO-SURAT (CITY LIGHT) AD,PO-SURAT (CITY LIGHT)AdmyraFrame,AD,Frame,PO-SURAT (CITY LIGHT),SIS,B,AD,Private Labels,Private Labels,Admyra,,120,139,141,43,44,182,185,9,4.5,2,-19,0,-19,,,,
PO-SURAT (CITY LIGHT) AV,PO-SURAT (CITY LIGHT)AvantaFrame,AV,Frame,PO-SURAT (CITY LIGHT),SIS,B,AV,Private Labels,Private Labels,Avanta,,120,118,120,128,204,246,324,33,16.5,2,2,0,2,,,,
PO-SURAT (CITY LIGHT) AV-K,PO-SURAT (CITY LIGHT)Avanta KidsFrame,AV-K,Frame,PO-SURAT (CITY LIGHT),SIS,B,AV-K,Private Labels,Private Labels,Avanta Kids,,25,16,16,38,47,54,63,10,5,0,9,0,9,,,,
PO-SURAT (CITY LIGHT) RX,PO-SURAT (CITY LIGHT)RaybanFrame,RX,Frame,PO-SURAT (CITY LIGHT),SIS,B,RX,Lifestyle,Luxottica,Rayban,,12,4,4,0,0,4,4,1,0.5,0,8,0,8,,,,
PO-SURAT (CITY LIGHT) VO,PO-SURAT (CITY LIGHT)VogueFrame,VO,Frame,PO-SURAT (CITY LIGHT),SIS,B,VO,Fast Fashion,Luxottica,Vogue,,12,6,6,0,0,6,6,0,0,0,6,0,6,,,,
PO-SURAT (RANDER ROAD) AD,PO-SURAT (RANDER ROAD)AdmyraFrame,AD,Frame,PO-SURAT (RANDER ROAD),SIS,B,AD,Private Labels,Private Labels,Admyra,,85,135,135,45,45,180,180,10,5,0,-50,0,-50,,,,
PO-SURAT (RANDER ROAD) AV,PO-SURAT (RANDER ROAD)AvantaFrame,AV,Frame,PO-SURAT (RANDER ROAD),SIS,B,AV,Private Labels,Private Labels,Avanta,,130,122,128,144,242,266,370,39,19.5,6,8,0,8,,,,
PO-SURAT (RANDER ROAD) AV-K,PO-SURAT (RANDER ROAD)Avanta KidsFrame,AV-K,Frame,PO-SURAT (RANDER ROAD),SIS,B,AV-K,Private Labels,Private Labels,Avanta Kids,,25,16,16,31,42,47,58,7,3.5,0,9,0,9,,,,
PO-VADODARA AD,PO-VADODARAAdmyraFrame,AD,Frame,PO-VADODARA,SIS,B,AD,Private Labels,Private Labels,Admyra,,130,119,119,38,38,157,157,5,2.5,0,11,0,11,,,,
PO-VADODARA AV,PO-VADODARAAvantaFrame,AV,Frame,PO-VADODARA,SIS,B,AV,Private Labels,Private Labels,Avanta,,145,148,154,299,397,447,551,16,8,6,-3,0,-3,,,,
PO-VADODARA AV-K,PO-VADODARAAvanta KidsFrame,AV-K,Frame,PO-VADODARA,SIS,B,AV-K,Private Labels,Private Labels,Avanta Kids,,25,32,39,33,34,65,73,1,0.5,7,-7,-6,-13,,,,
PO-VARANASI AD,PO-VARANASIAdmyraFrame,AD,Frame,PO-VARANASI,SIS,B,AD,Private Labels,Private Labels,Admyra,,270,238,240,0,0,238,240,35,17.5,2,32,0,32,,,,
PO-VARANASI AV,PO-VARANASIAvantaFrame,AV,Frame,PO-VARANASI,SIS,B,AV,Private Labels,Private Labels,Avanta,,400,160,184,92,187,252,371,83,41.5,24,240,0,240,,,,
PO-VARANASI AV-K,PO-VARANASIAvanta KidsFrame,AV-K,Frame,PO-VARANASI,SIS,B,AV-K,Private Labels,Private Labels,Avanta Kids,,25,22,23,16,25,38,48,7,3.5,1,3,0,3,,,,
PO-VARANASI RX,PO-VARANASIRaybanFrame,RX,Frame,PO-VARANASI,SIS,B,RX,Lifestyle,Luxottica,Rayban,,12,7,7,0,0,7,7,2,1,0,5,0,5,,,,
PO-VARANASI VO,PO-VARANASIVogueFrame,VO,Frame,PO-VARANASI,SIS,B,VO,Fast Fashion,Luxottica,Vogue,,12,8,8,0,0,8,8,3,1.5,0,4,0,4,,,,
PO-VIJAYAWADA AD,PO-VIJAYAWADAAdmyraFrame,AD,Frame,PO-VIJAYAWADA,SIS,B,AD,Private Labels,Private Labels,Admyra,,110,147,149,22,24,169,173,32,16,2,-37,0,-37,,,,
PO-VIJAYAWADA AV,PO-VIJAYAWADAAvantaFrame,AV,Frame,PO-VIJAYAWADA,SIS,B,AV,Private Labels,Private Labels,Avanta,,190,81,86,113,149,194,235,79,39.5,5,109,0,109,,,,
PO-VIJAYAWADA AV-K,PO-VIJAYAWADAAvanta KidsFrame,AV-K,Frame,PO-VIJAYAWADA,SIS,B,AV-K,Private Labels,Private Labels,Avanta Kids,,25,10,10,10,13,20,23,6,3,0,15,0,15,,,,
PO-VIKASPURI AD,PO-VIKASPURIAdmyraFrame,AD,Frame,PO-VIKASPURI,SIS,B,AD,Private Labels,Private Labels,Admyra,,105,164,166,18,18,182,184,32,16,2,-59,0,-59,,,,
PO-VIKASPURI AV,PO-VIKASPURIAvantaFrame,AV,Frame,PO-VIKASPURI,SIS,B,AV,Private Labels,Private Labels,Avanta,,70,78,79,109,143,187,222,63,31.5,1,-8,0,-8,,,,
PO-VIKASPURI AV-K,PO-VIKASPURIAvanta KidsFrame,AV-K,Frame,PO-VIKASPURI,SIS,B,AV-K,Private Labels,Private Labels,Avanta Kids,,25,5,5,26,28,31,33,7,3.5,0,20,0,20,,,,
PO-VIKASPURI RX,PO-VIKASPURIRaybanFrame,RX,Frame,PO-VIKASPURI,SIS,B,RX,Lifestyle,Luxottica,Rayban,,12,7,7,0,0,7,7,5,2.5,0,5,0,5,,,,
PO-VIKASPURI VO,PO-VIKASPURIVogueFrame,VO,Frame,PO-VIKASPURI,SIS,B,VO,Fast Fashion,Luxottica,Vogue,,12,9,9,0,0,9,9,2,1,0,3,0,3,,,,
PO-HYDERABAD AD,PO-HYDERABADAdmyraFrame,AD,Frame,PO-HYDERABAD,SIS,A+,AD,Private Labels,Private Labels,Admyra,15,91,160,168,50,52,210,220,2,1,8,-69,-6,-75,,,,
PO-HYDERABAD AV,PO-HYDERABADAvantaFrame,AV,Frame,PO-HYDERABAD,SIS,A+,AV,Private Labels,Private Labels,Avanta,,25,131,136,168,198,299,334,2,1,5,-106,-3,-109,,,,
PO-HYDERABAD AV-K,PO-HYDERABADAvanta KidsFrame,AV-K,Frame,PO-HYDERABAD,SIS,A+,AV-K,Private Labels,Private Labels,Avanta Kids,,20,18,19,31,31,49,50,2,1,1,2,0,2,,,,
PO-HYDERABAD BE-O,PO-HYDERABADBurberryFrame,BE-O,Frame,PO-HYDERABAD,SIS,A+,BE-O,Luxury,Luxottica,Burberry,3,10,17,17,0,0,17,17,2,1,0,-7,2,-5,,,,
PO-HYDERABAD CA,PO-HYDERABADCarreraFrame,CA,Frame,PO-HYDERABAD,SIS,A+,CA,Lifestyle,Safilo,Carrera,5,15,15,18,0,0,15,18,2,1,3,0,-1,-1,,,,
PO-HYDERABAD EA,PO-HYDERABADEmporio ArmaniFrame,EA,Frame,PO-HYDERABAD,SIS,A+,EA,Premium Fashion,Luxottica,Emporio Armani,4,18,16,16,0,0,16,16,2,1,0,2,2,4,,,,
PO-HYDERABAD FC,PO-HYDERABADFrench ConnectionFrame,FC,Frame,PO-HYDERABAD,SIS,A+,FC,Fast Fashion,Sterling,French Connection,5,15,14,14,0,0,14,14,2,1,0,1,2,3,,,,
PO-HYDERABAD HB,PO-HYDERABADHugo BossFrame,HB,Frame,PO-HYDERABAD,SIS,A+,HB,Luxury,Safilo,Hugo Boss,4,17,6,6,0,0,6,6,2,1,0,11,2,13,,,,
PO-HYDERABAD MB,PO-HYDERABADMontblancFrame,MB,Frame,PO-HYDERABAD,SIS,A+,MB,Luxury,Kering,Montblanc,4,8,6,6,0,0,6,6,2,1,0,2,2,4,,,,
PO-HYDERABAD PC,PO-HYDERABADPierre CardinFrame,PC,Frame,PO-HYDERABAD,SIS,A+,PC,Fast Fashion,Safilo,Pierre Cardin,5,15,12,13,0,0,12,13,2,1,1,3,1,4,,,,
PO-HYDERABAD PR,PO-HYDERABADPradaFrame,PR,Frame,PO-HYDERABAD,SIS,A+,PR,Luxury,Luxottica,Prada,4,10,14,14,0,0,14,14,2,1,0,-4,2,-2,,,,
PO-HYDERABAD RX,PO-HYDERABADRaybanFrame,RX,Frame,PO-HYDERABAD,SIS,A+,RX,Lifestyle,Luxottica,Rayban,10,30,48,48,0,0,48,48,2,1,0,-18,2,-16,,,,
PO-HYDERABAD SI,PO-HYDERABADSilhouetteFrame,SI,Frame,PO-HYDERABAD,SIS,A+,SI,Luxury,Optimed,Silhouette,2,8,7,7,0,0,7,7,2,1,0,1,2,3,,,,
PO-HYDERABAD TH,PO-HYDERABADTommy HilfigerFrame,TH,Frame,PO-HYDERABAD,SIS,A+,TH,Lifestyle,Sterling,Tommy Hilfiger,5,15,13,13,0,0,13,13,2,1,0,2,2,4,,,,
PO-HYDERABAD VE,PO-HYDERABADVersaceFrame,VE,Frame,PO-HYDERABAD,SIS,A+,VE,Luxury,Luxottica,Versace,4,8,0,0,0,0,0,0,2,1,0,8,2,10,,,,
PO-HYDERABAD VO,PO-HYDERABADVogueFrame,VO,Frame,PO-HYDERABAD,SIS,A+,VO,Fast Fashion,Luxottica,Vogue,10,30,31,31,0,0,31,31,2,1,0,-1,2,1,,,,
